"journal","all","db","program","other"
"Electrophoresis",51,23,16,12
"Biokhimiia",1,0,0,1
"Gene",61,12,28,21
"Structure",12,2,8,2
"Nucleic Acids Res",3594,1590,1725,279
"Mamm Genome",39,10,18,11
"BMJ",10,0,6,4
"Proc Annu Symp Comput Appl Med Care",1,0,0,1
"Ann Hum Genet",16,1,5,10
"AJR Am J Roentgenol",3,1,2,0
"Biotechnol Prog",5,0,4,1
"Anal Biochem",22,0,20,2
"J Mol Biol",60,8,31,21
"Radiol Med",4,2,2,0
"Arch Pathol Lab Med",3,1,1,1
"Genome Res",145,37,62,46
"J Cell Biochem Suppl",1,1,0,0
"Comput Appl Biosci",28,5,23,0
"Genomics",49,15,29,5
"Mol Biotechnol",6,0,5,1
"Nutrition",2,0,0,2
"Cancer Res",12,4,2,6
"Science",13,1,2,10
"Proc Natl Acad Sci U S A",58,13,24,21
"Proteins",194,31,131,32
"Protein Eng",21,3,13,5
"Am J Cardiol",3,0,2,1
"Semin Vet Med Surg (Small Anim)",1,0,1,0
"Emerg Infect Dis",5,1,1,3
"Glycoconj J",4,3,0,1
"Bull Med Libr Assoc",2,0,1,1
"Protein Sci",59,12,40,7
"Neurosurgery",7,0,2,5
"Proc AMIA Annu Fall Symp",3,2,0,1
"Med Phys",15,3,10,2
"J Appl Behav Anal",3,0,2,1
"Urology",5,0,1,4
"Eur J Surg Oncol",3,0,2,1
"Receptors Channels",2,0,1,1
"J Nurs Adm",3,1,0,2
"DNA Seq",3,1,2,0
"J Endocrinol",1,0,0,1
"Nephrol Dial Transplant",4,0,1,3
"Nat Genet",13,3,4,6
"Ann Pathol",5,0,2,3
"FEBS Lett",22,3,10,9
"Fam Med",4,0,1,3
"AIDS Res Hum Retroviruses",8,2,6,0
"Nature",8,2,1,5
"Appl Environ Microbiol",23,7,10,6
"Orv Hetil",1,0,1,0
"Yeast",20,8,8,4
"Cytometry",3,0,0,3
"Neuron",4,1,1,2
"Can Fam Physician",6,0,3,3
"Hum Mutat",236,125,79,32
"Am J Epidemiol",11,2,5,4
"J Protein Chem",1,0,1,0
"Biophys J",20,2,16,2
"Biochim Biophys Acta",31,4,16,11
"Jpn J Clin Oncol",1,0,0,1
"Ultramicroscopy",4,0,4,0
"J Reprod Med",2,0,1,1
"Methods Inf Med",12,2,5,5
"Pharmacogenetics",5,0,0,5
"Mol Med Today",1,0,0,1
"J Magn Reson Imaging",1,0,1,0
"Clin Infect Dis",9,0,4,5
"Proc Int Conf Intell Syst Mol Biol",7,1,2,4
"DNA Res",42,12,12,18
"J Cell Biol",3,0,0,3
"Diabetes Educ",1,0,1,0
"Ear Hear",2,0,1,1
"Mol Microbiol",8,2,0,6
"Pac Symp Biocomput",52,10,25,17
"Radiology",2,0,0,2
"J Altern Complement Med",2,1,0,1
"Pediatr Clin North Am",2,0,1,1
"Arch Mal Coeur Vaiss",1,0,0,1
"Acad Emerg Med",6,1,1,4
"Comput Methods Programs Biomed",50,3,44,3
"Plant Cell Physiol",40,29,9,2
"Comput Biol Med",37,4,26,7
"Spectrochim Acta A Mol Biomol Spectrosc",2,0,1,1
"J Allied Health",2,0,1,1
"Radiographics",7,0,1,6
"Am J Hum Genet",6,0,2,4
"Analyst",8,2,4,2
"Mol Ecol",10,3,3,4
"Int J Med Inform",22,4,6,12
"Health Technol Assess",4,0,0,4
"Clin Chim Acta",5,1,1,3
"Palliat Med",2,0,0,2
"Cleft Palate Craniofac J",1,0,0,1
"Sao Paulo Med J",1,0,0,1
"Genetics",44,3,31,10
"Eur J Oral Sci",1,0,1,0
"Bioinformatics",5882,509,4886,487
"Ann Clin Biochem",3,2,0,1
"Cancer",8,3,3,2
"Zentralbl Bakteriol",1,0,1,0
"Anal Quant Cytol Histol",1,0,1,0
"J Sch Health",1,0,0,1
"Langenbecks Arch Chir Suppl Kongressbd",2,1,0,1
"Hemoglobin",1,1,0,0
"Mem Inst Oswaldo Cruz",3,2,0,1
"Tissue Antigens",13,6,2,5
"Am J Pathol",8,0,4,4
"J Cell Sci",8,0,0,8
"Med Inform (Lond)",3,0,3,0
"Biomed Instrum Technol",9,0,1,8
"Ned Tijdschr Geneeskd",31,0,4,27
"Rev Sci Tech",5,3,1,1
"Mech Dev",5,1,1,3
"J Comput Biol",108,4,83,21
"Clin Exp Pharmacol Physiol",4,0,2,2
"J Theor Biol",47,1,39,7
"Photochem Photobiol",5,1,2,2
"Parasitol Res",5,0,4,1
"Hosp Health Netw",1,0,0,1
"Toxicology",10,2,3,5
"Radiologe",5,0,1,4
"Genet Epidemiol",21,1,18,2
"Biomed Sci Instrum",1,0,1,0
"IEEE Trans Med Imaging",10,0,6,4
"Ophthalmologe",5,0,3,2
"Med Educ",4,1,0,3
"J Hum Genet",6,4,2,0
"J Radiol",3,0,0,3
"J Virol Methods",7,1,5,1
"Adv Exp Med Biol",23,3,9,11
"J Interferon Cytokine Res",1,1,0,0
"J Mol Graph Model",21,2,16,3
"Trends Biochem Sci",6,2,3,1
"JAMA",4,0,1,3
"Pediatr Radiol",7,0,4,3
"IEEE Trans Biomed Eng",9,0,7,2
"J Comp Physiol A",3,0,0,3
"Mil Med",4,0,2,2
"J Neurosci Methods",33,3,27,3
"J Neurosci",7,2,2,3
"Schweiz Med Wochenschr",2,1,0,1
"Br J Nurs",2,0,0,2
"J Comput Aided Mol Des",28,4,24,0
"J Dairy Sci",17,0,8,9
"Pathology",1,0,0,1
"Mol Biol Cell",11,5,1,5
"J S C Med Assoc",2,0,0,2
"J Urban Health",2,1,0,1
"Eur Heart J",5,3,0,2
"FEMS Microbiol Rev",3,3,0,0
"Haemophilia",4,2,0,2
"Control Clin Trials",1,0,1,0
"Alzheimer Dis Assoc Disord",3,1,0,2
"Fold Des",1,0,0,1
"Adv Microb Physiol",1,0,1,0
"Psychiatr Serv",2,0,1,1
"J Hematother",1,0,0,1
"Proc AMIA Symp",6,0,4,2
"Growth Factors",1,0,0,1
"Prog Brain Res",2,0,0,2
"J Burn Care Rehabil",3,0,0,3
"Hum Mol Genet",13,3,5,5
"J Clin Monit Comput",3,0,2,1
"J Forensic Sci",4,1,2,1
"J Dermatol",1,0,0,1
"RNA",52,10,35,7
"Z Arztl Fortbild Qualitatssich",14,1,1,12
"Int J Neural Syst",3,0,2,1
"J Clin Psychiatry",3,0,0,3
"J R Coll Surg Edinb",1,0,0,1
"J Am Acad Nurse Pract",5,0,3,2
"Acta Crystallogr D Biol Crystallogr",39,12,20,7
"Acta Histochem",1,0,1,0
"Clin Perform Qual Health Care",1,0,1,0
"Telemed Today",4,0,0,4
"Stud Health Technol Inform",91,12,34,45
"Fed Regist",5,0,0,5
"J Clin Eng",1,0,1,0
"Aust Crit Care",1,0,0,1
"J Med Genet",10,1,5,4
"Clin Exp Immunol",3,1,1,1
"Arthritis Rheum",2,0,0,2
"Eur J Dent Educ",4,0,1,3
"J Struct Biol",22,3,11,8
"Dev Genet",2,0,2,0
"Plast Reconstr Surg",3,0,1,2
"J Am Osteopath Assoc",2,0,0,2
"FEMS Microbiol Lett",12,3,7,2
"J Pathol",5,0,2,3
"Int J Lang Commun Disord",3,0,2,1
"Healthc Benchmarks",1,1,0,0
"Can J Microbiol",1,0,1,0
"Anasthesiol Intensivmed Notfallmed Schmerzther",7,0,0,7
"Pediatrics",15,0,1,14
"Am J Med Genet",2,0,0,2
"Surg Radiol Anat",2,0,0,2
"Neurology",16,1,5,10
"Sante",1,0,0,1
"Clin Chem",5,1,1,3
"Comput Chem",6,1,4,1
"J Inherit Metab Dis",8,4,0,4
"Eur Radiol",3,0,1,2
"Environ Health Perspect",4,2,0,2
"J Gen Virol",5,0,4,1
"Eur J Immunol",4,0,2,2
"Gesnerus",1,0,0,1
"Mol Genet Metab",6,1,0,5
"Reg Anesth Pain Med",5,1,1,3
"Nurs Health Care Perspect",1,0,0,1
"Surg Oncol Clin N Am",1,0,1,0
"Clin Pharmacokinet",2,0,1,1
"Trends Genet",5,2,1,2
"Technol Health Care",3,0,0,3
"Curr Opin Hematol",1,1,0,0
"Int Arch Occup Environ Health",1,0,0,1
"Behav Res Methods Instrum Comput",41,6,21,14
"Immunogenetics",17,2,13,2
"Vet Hum Toxicol",2,0,0,2
"Development",11,2,1,8
"J Microbiol Methods",9,0,5,4
"Glycobiology",13,2,8,3
"J Am Pharm Assoc (Wash)",3,0,1,2
"J Microsc",8,0,4,4
"Cell Mol Biol (Noisy-le-grand)",3,1,1,1
"Minn Med",2,1,0,1
"Biofizika",11,2,5,4
"Methods Mol Biol",155,28,97,30
"Rev Med Liege",7,0,0,7
"J Biomol NMR",31,3,23,5
"Anal Chem",54,6,39,9
"Plant Cell",8,2,5,1
"Hum Immunol",6,1,3,2
"J Clin Invest",1,0,0,1
"Klin Monbl Augenheilkd",2,0,0,2
"Med Sci Sports Exerc",2,1,0,1
"Crit Care Nurse",1,0,1,0
"Diagn Mol Pathol",1,1,0,0
"Cell Motil Cytoskeleton",1,0,0,1
"DNA Cell Biol",2,0,0,2
"Bull Acad Natl Med",1,0,0,1
"MMWR Recomm Rep",7,0,3,4
"Eur J Surg",1,0,0,1
"Oncogene",9,3,1,5
"JPEN J Parenter Enteral Nutr",2,0,2,0
"Int J Technol Assess Health Care",4,0,3,1
"Ann Ist Super Sanita",4,1,2,1
"Microcirculation",2,0,2,0
"Medicina (B Aires)",1,0,1,0
"Comput Nurs",2,0,2,0
"Child Adolesc Psychiatr Clin N Am",8,0,0,8
"J Investig Dermatol Symp Proc",3,1,1,1
"Obstet Gynecol",12,0,2,10
"Plant Physiol",75,31,30,14
"Circ Res",3,1,1,1
"Gynecol Oncol",1,0,0,1
"Ostomy Wound Manage",3,0,1,2
"J Magn Reson",16,1,14,1
"Philos Trans R Soc Lond B Biol Sci",11,1,7,3
"Qual Assur",6,0,0,6
"Genetica",5,1,2,2
"Eur J Biochem",1,0,0,1
"Verh Dtsch Ges Pathol",3,1,0,2
"Folia Biol (Praha)",3,0,1,2
"J Gene Med",5,2,1,2
"Biosystems",24,1,15,8
"Health Educ Res",2,0,1,1
"J Biotechnol",13,2,10,1
"Mutat Res",9,2,2,5
"Australas Radiol",1,0,0,1
"Turk J Pediatr",1,0,0,1
"Ear Nose Throat J",1,0,0,1
"Radiat Environ Biophys",5,1,0,4
"Dermatol Clin",2,0,1,1
"Am J Physiol Cell Physiol",8,2,4,2
"Risk Anal",6,0,1,5
"Cochrane Database Syst Rev",67,13,3,51
"Z Kardiol",2,0,2,0
"Forensic Sci Int",7,1,1,5
"Arch Esp Urol",3,0,0,3
"J Palliat Care",1,0,0,1
"Sci Total Environ",15,1,6,8
"Clin Orthod Res",1,0,0,1
"Nurs Manage",2,0,1,1
"Instr Course Lect",1,0,0,1
"J Audiov Media Med",3,0,0,3
"J Am Med Inform Assoc",46,2,31,13
"Am J Clin Nutr",13,1,2,10
"J Womens Health Gend Based Med",2,0,0,2
"Stat Med",16,0,12,4
"Circulation",8,0,1,7
"Infect Immun",7,1,2,4
"Radiother Oncol",5,0,0,5
"Eur J Endocrinol",2,0,0,2
"Nihon Rinsho",8,3,1,4
"Exp Hematol",4,0,1,3
"Exp Anim",7,1,2,4
"Plant Mol Biol",12,4,2,6
"J Org Chem",3,0,1,2
"Schweiz Arch Tierheilkd",4,2,1,1
"Exp Clin Immunogenet",1,0,0,1
"Ment Retard Dev Disabil Res Rev",1,0,0,1
"West J Med",2,0,0,2
"Br J Audiol",1,1,0,0
"Biotechniques",33,4,25,4
"Ann N Y Acad Sci",12,1,5,6
"Magn Reson Imaging",4,0,3,1
"J Microbiol Immunol Infect",1,1,0,0
"Eur J Cardiothorac Surg",4,0,0,4
"Mov Disord",3,1,1,1
"Microbiology",11,4,3,4
"Neoplasia",3,1,0,2
"Ophthalmic Epidemiol",1,0,1,0
"Cent Eur J Public Health",3,0,0,3
"Pol Merkur Lekarski",1,0,1,0
"Vnitr Lek",3,0,1,2
"Epidemiology",3,1,2,0
"Endocrinology",1,0,1,0
"Crit Care Med",5,1,0,4
"Public Health Rep",3,0,0,3
"Int Marit Health",1,0,0,1
"Mutagenesis",4,2,2,0
"Tob Control",12,0,3,9
"Psychiatr Clin North Am",3,0,0,3
"Zentralbl Neurochir",1,0,0,1
"J Urol",16,2,4,10
"Med Clin (Barc)",3,1,1,1
"Am J Reprod Immunol",1,0,0,1
"Tenn Med",1,0,1,0
"Invest Ophthalmol Vis Sci",19,1,10,8
"Clin J Pain",2,0,0,2
"Hum Pathol",7,2,4,1
"Physiol Genomics",15,4,6,5
"IEEE Eng Med Biol Mag",2,0,1,1
"Ann Intern Med",13,0,4,9
"Br J Cancer",13,0,7,6
"Pediatr Infect Dis J",4,0,1,3
"Man Ther",2,1,0,1
"Bioessays",5,1,0,4
"Folia Neuropathol",1,0,1,0
"Oncol Nurs Forum",2,0,0,2
"Health Data Manag",1,0,0,1
"Health Forum J",1,0,0,1
"J Virol",11,2,5,4
"Semin Hematol",2,1,0,1
"Virus Res",6,1,4,1
"J Mol Microbiol Biotechnol",7,2,1,4
"Biol Chem",3,1,2,0
"J Clin Endocrinol Metab",6,0,1,5
"Food Addit Contam",4,0,2,2
"Genome Biol",126,19,93,14
"ALTEX",9,2,1,6
"Med Care Res Rev",2,0,1,1
"Praxis (Bern 1994)",3,0,0,3
"Brain Lang",1,0,0,1
"Psychiatry Res",6,0,2,4
"BMC Mol Biol",3,0,2,1
"J Adv Nurs",2,0,0,2
"Surg Endosc",3,0,1,2
"J Clin Microbiol",37,12,11,14
"Atherosclerosis",3,1,1,1
"J Nurs Educ",6,0,0,6
"J Expo Anal Environ Epidemiol",1,1,0,0
"J Acoust Soc Am",3,0,0,3
"Can Assoc Radiol J",1,0,0,1
"Dev Biol",7,1,3,3
"J Hosp Infect",1,0,0,1
"J Exp Biol",5,0,0,5
"Healthc Leadersh Manag Rep",1,0,0,1
"Hosp Peer Rev",1,0,0,1
"Med Hypotheses",4,0,1,3
"J Mol Cell Cardiol",2,0,0,2
"Health Libr Rev",3,0,0,3
"J Stud Alcohol",2,0,2,0
"Gan To Kagaku Ryoho",1,0,0,1
"Zentralbl Gynakol",2,0,0,2
"Genes Immun",5,2,0,3
"J Cancer Educ",4,0,1,3
"Ann Fr Anesth Reanim",3,0,0,3
"Pflugers Arch",2,1,1,0
"Hum Genet",5,1,1,3
"Rinsho Byori",3,2,0,1
"Perception",5,0,2,3
"Fresenius J Anal Chem",2,0,1,1
"Pacing Clin Electrophysiol",2,0,0,2
"J Photochem Photobiol B",2,1,0,1
"Physiol Meas",1,0,1,0
"Am J Phys Med Rehabil",1,0,1,0
"Am J Contact Dermat",1,1,0,0
"Res Rep Health Eff Inst",1,0,0,1
"Rev Inst Med Trop Sao Paulo",1,0,0,1
"Sleep",2,0,0,2
"J Perianesth Nurs",2,0,0,2
"J Clin Pathol",6,1,1,4
"Crit Rev Oncol Hematol",1,0,1,0
"Neuromuscul Disord",2,2,0,0
"Emerg Med Serv",2,0,0,2
"Rev Med Chil",4,0,0,4
"Nervenarzt",6,0,1,5
"Cancer J",2,0,0,2
"Bioresour Technol",3,0,1,2
"J Chem Inf Comput Sci",11,0,9,2
"Mol Cell Probes",4,0,1,3
"Mar Environ Res",1,1,0,0
"BMC Microbiol",32,18,8,6
"J Neurochem",2,0,1,1
"Semin Reprod Med",3,0,1,2
"Med Ref Serv Q",9,0,2,7
"Clin Leadersh Manag Rev",4,0,1,3
"J Chromatogr B Biomed Sci Appl",1,1,0,0
"Occup Med (Lond)",1,0,0,1
"J Mass Spectrom",6,0,6,0
"Eur J Hum Genet",26,6,12,8
"J Clin Exp Neuropsychol",1,0,1,0
"Mol Endocrinol",12,3,3,6
"J Clin Oncol",10,1,3,6
"Nihon Ishinkin Gakkai Zasshi",2,0,0,2
"J Nucl Med",4,0,3,1
"Genet Med",5,1,0,4
"Am J Surg Pathol",2,0,0,2
"Ther Umsch",9,0,1,8
"Diabetes Nutr Metab",1,0,1,0
"Acad Radiol",14,1,8,5
"Arch Phys Med Rehabil",2,0,1,1
"Posit Aware",1,0,0,1
"Acta Trop",3,1,1,1
"Salud Publica Mex",2,0,0,2
"Antonie Van Leeuwenhoek",7,3,2,2
"Chem Biol Interact",8,2,1,5
"J Leukoc Biol",1,1,0,0
"Eur J Med Res",5,1,0,4
"Environ Monit Assess",9,0,5,4
"Int J Syst Evol Microbiol",10,2,5,3
"Br J Surg",5,0,0,5
"EMBO Rep",1,0,0,1
"Mol Biol Evol",53,5,38,10
"Genetika",4,1,2,1
"Trends Cell Biol",1,0,0,1
"Rheumatology (Oxford)",6,0,0,6
"Cad Saude Publica",1,0,0,1
"Obstet Gynecol Clin North Am",1,0,0,1
"Arch Pediatr Adolesc Med",2,0,0,2
"Allergol Immunopathol (Madr)",1,0,0,1
"Cytogenet Cell Genet",2,0,0,2
"J Digit Imaging",11,1,7,3
"Genome",9,3,4,2
"Radiat Res",4,0,2,2
"CMAJ",3,0,1,2
"J Am Chem Soc",8,0,1,7
"Brain Res Mol Brain Res",3,1,1,1
"J Obstet Gynecol Neonatal Nurs",2,1,0,1
"Am J Manag Care",4,0,1,3
"Healthc Financ Manage",2,0,0,2
"Diabetes Technol Ther",11,0,4,7
"In Silico Biol",80,19,48,13
"Presse Med",8,0,1,7
"Microb Comp Genomics",3,2,0,1
"Med Decis Making",1,0,0,1
"Parasite",1,1,0,0
"J Periodontol",2,0,0,2
"Biochem Soc Trans",10,4,2,4
"J Am Diet Assoc",5,0,0,5
"Mem Cognit",2,1,0,1
"J Endocrinol Invest",1,0,0,1
"Biochem J",2,0,0,2
"Zentralbl Chir",2,0,0,2
"Clin Chem Lab Med",6,2,0,4
"Klin Padiatr",3,0,0,3
"J Environ Monit",3,0,1,2
"Rheum Dis Clin North Am",3,1,0,2
"J Hered",19,2,15,2
"J Allergy Clin Immunol",6,1,0,5
"Biochem Biophys Res Commun",47,8,31,8
"Herz",4,0,0,4
"Planta",7,1,0,6
"J Natl Med Assoc",3,0,2,1
"Physiol Behav",3,2,1,0
"Curr Genet",2,0,2,0
"Genes Chromosomes Cancer",3,0,1,2
"Graefes Arch Clin Exp Ophthalmol",2,0,2,0
"Somat Cell Mol Genet",1,0,0,1
"Pac Health Dialog",2,0,0,2
"BMC Bioinformatics",1590,185,1294,111
"Immunol Lett",2,0,0,2
"J Am Soc Mass Spectrom",14,1,11,2
"Biol Blood Marrow Transplant",4,0,2,2
"Addiction",4,0,0,4
"Carbohydr Res",6,2,2,2
"Breast J",2,0,2,0
"Rev Med Brux",2,0,0,2
"Proteomics",143,29,78,36
"Food Chem Toxicol",6,1,2,3
"Ambio",1,0,1,0
"Biol Trace Elem Res",3,1,0,2
"Trends Pharmacol Sci",2,0,1,1
"J Immunol",1,0,1,0
"J Dent Educ",3,0,0,3
"Eur J Nucl Med",1,0,0,1
"Lancet",2,0,1,1
"Hear Res",5,2,3,0
"Cyberpsychol Behav",5,0,2,3
"J Vet Med Sci",2,0,0,2
"Rozhl Chir",3,0,1,2
"J Am Anim Hosp Assoc",1,0,1,0
"J Bacteriol",19,3,5,11
"Anat Embryol (Berl)",2,2,0,0
"J Med Internet Res",21,3,3,15
"Downs Syndr Res Pract",1,0,1,0
"HIV Med",2,0,0,2
"J Biol Chem",5,0,3,2
"Biotechnol Bioeng",8,1,4,3
"Environ Mol Mutagen",1,0,1,0
"Clin Cancer Res",10,3,0,7
"Anat Rec",5,0,1,4
"Neurobiol Aging",3,0,2,1
"Am J Ophthalmol",3,0,3,0
"AAOHN J",2,0,1,1
"Hist Med Vet",1,0,1,0
"Qual Life Res",2,0,1,1
"Rev Med Suisse Romande",3,0,0,3
"Monaldi Arch Chest Dis",3,0,1,2
"Mol Biol (Mosk)",25,8,11,6
"Bull Soc Pathol Exot",1,0,1,0
"Emerg Med J",3,0,0,3
"Am Nurse",1,0,0,1
"Breast Cancer",2,0,0,2
"Genome Inform",32,2,18,12
"Acta Microbiol Immunol Hung",1,0,0,1
"J Am Acad Audiol",1,0,1,0
"Health Care Anal",3,0,0,3
"Srp Arh Celok Lek",1,0,0,1
"Pharmacoepidemiol Drug Saf",4,0,2,2
"Keio J Med",2,0,0,2
"Eur J Nucl Med Mol Imaging",4,1,1,2
"Comb Chem High Throughput Screen",9,1,5,3
"Facial Plast Surg",1,0,0,1
"Ugeskr Laeger",7,0,0,7
"Issue Brief Cent Medicare Educ",1,0,0,1
"Prev Vet Med",10,1,5,4
"Adv Physiol Educ",11,0,5,6
"Pharm World Sci",3,2,0,1
"Duodecim",2,0,0,2
"J Med Chem",15,3,10,2
"Profiles Healthc Mark",11,0,1,10
"Radiat Prot Dosimetry",18,5,7,6
"Gastroenterol Nurs",2,0,1,1
"Health Place",2,0,0,2
"Exp Cell Res",1,0,0,1
"Teratology",1,0,1,0
"Yakugaku Zasshi",4,1,2,1
"Complement Ther Nurs Midwifery",1,0,0,1
"Curr Biol",5,1,2,2
"Scanning",3,0,3,0
"Croat Med J",2,0,1,1
"Acta Vet Scand",1,0,1,0
"Anesthesiol Clin North America",1,0,0,1
"Curr Opin Investig Drugs",1,0,1,0
"Nutr Metab Cardiovasc Dis",3,0,0,3
"Emerg Med (Fremantle)",1,0,0,1
"Pharmacogenomics J",3,1,1,1
"Comp Biochem Physiol C Toxicol Pharmacol",1,0,0,1
"MGMA Connex",1,0,0,1
"J Gynecol Obstet Biol Reprod (Paris)",2,1,0,1
"Curr Med Res Opin",5,0,2,3
"Spine (Phila Pa 1976)",4,0,0,4
"Psychol Aging",1,0,1,0
"Nutr Hosp",8,0,2,6
"Cell Mol Biol Lett",5,0,2,3
"Trends Plant Sci",4,0,1,3
"Comput Aided Surg",3,0,1,2
"Int J Oncol",2,0,1,1
"Trends Neurosci",2,0,0,2
"Horm Res",2,0,0,2
"Prev Cardiol",1,0,0,1
"Biopolymers",4,0,2,2
"Am J Prev Med",5,0,4,1
"Water Sci Technol",11,1,3,7
"Drug Metab Rev",1,1,0,0
"Clin J Oncol Nurs",6,2,1,3
"Gen Dent",8,0,2,6
"Vet Immunol Immunopathol",1,0,1,0
"Tijdschr Gerontol Geriatr",1,0,0,1
"J Chromatogr B Analyt Technol Biomed Life Sci",6,1,1,4
"Antimicrob Agents Chemother",7,3,1,3
"J Vasc Surg",3,0,0,3
"Funct Integr Genomics",17,4,7,6
"Indian J Pathol Microbiol",1,0,0,1
"Artif Cells Blood Substit Immobil Biotechnol",2,0,0,2
"Acta Obstet Gynecol Scand",3,0,1,2
"Int J Androl",1,1,0,0
"J Child Health Care",1,0,0,1
"Mol Plant Microbe Interact",1,0,0,1
"Mech Ageing Dev",3,2,0,1
"Health Phys",10,2,6,2
"Ann Anat",1,0,0,1
"Compend Contin Educ Dent",6,0,0,6
"Abdom Imaging",1,0,0,1
"Environ Toxicol Chem",5,1,2,2
"Blood",25,4,1,20
"Otolaryngol Head Neck Surg",7,1,0,6
"Recent Results Cancer Res",3,0,0,3
"BJU Int",7,3,3,1
"J Assoc Res Otolaryngol",1,0,0,1
"Ann Biomed Eng",6,0,6,0
"Eff Clin Pract",2,0,0,2
"Methods Find Exp Clin Pharmacol",3,0,1,2
"Rev Bras Enferm",2,0,1,1
"J Formos Med Assoc",1,1,0,0
"J Comb Chem",3,0,0,3
"Eur J Neurol",5,0,1,4
"Pediatr Transplant",2,0,0,2
"Nat Biotechnol",7,0,7,0
"Bull Hosp Jt Dis",2,0,0,2
"Naunyn Schmiedebergs Arch Pharmacol",1,0,0,1
"Asia Pac J Public Health",6,0,0,6
"Med Sci Monit",1,0,1,0
"Obes Rev",3,0,0,3
"Cardiol Clin",2,0,0,2
"Pancreatology",2,0,0,2
"J Biomech",7,0,5,2
"Biophys Chem",3,1,0,2
"J Palliat Med",4,0,0,4
"J Immunol Methods",12,1,10,1
"Int J Med Microbiol",3,0,0,3
"Protein Pept Lett",46,2,36,8
"J Biol Regul Homeost Agents",2,0,0,2
"Community Dent Oral Epidemiol",2,0,0,2
"J Opt Soc Am A Opt Image Sci Vis",3,1,1,1
"J Fam Pract",1,0,0,1
"J Med Dent Sci",1,0,0,1
"J Nutr",6,1,0,5
"Rev Mal Respir",2,0,0,2
"Endeavour",1,0,0,1
"J R Army Med Corps",2,1,0,1
"J Med Syst",6,0,3,3
"BMC Clin Pharmacol",2,0,2,0
"SAR QSAR Environ Res",6,2,1,3
"Toxicol Pathol",9,2,3,4
"Schmerz",3,0,0,3
"Sens Actuators B Chem",1,0,0,1
"Bioorg Khim",2,0,0,2
"J Psychol",1,0,0,1
"Am J Phys Anthropol",3,3,0,0
"J Exp Zool",1,0,1,0
"Urologe A",5,2,0,3
"Ment Retard",1,0,1,0
"Depress Anxiety",1,0,1,0
"Lupus",3,0,1,2
"Pharmacogenomics",2,0,0,2
"Adv Biochem Eng Biotechnol",2,0,0,2
"Acad Med",2,0,1,1
"Ophthalmol Clin North Am",1,0,0,1
"Rinsho Shinkeigaku",3,0,0,3
"Psychol Methods",1,0,0,1
"Respir Med",4,0,1,3
"DEEP Dev Educ Exch Pap",1,0,1,0
"Semin Cutan Med Surg",1,0,1,0
"Ann Bot",7,2,1,4
"Pathobiology",3,0,2,1
"Ophthalmic Genet",2,0,1,1
"Asia Pac Popul J",1,0,0,1
"Proc Biol Sci",1,0,1,0
"Biosci Biotechnol Biochem",2,0,2,0
"Vet J",3,0,0,3
"Curr Protein Pept Sci",6,3,3,0
"Kidney Int",8,1,2,5
"Clin Anat",5,0,0,5
"Health Info Libr J",8,1,1,6
"Lab Anim",9,0,2,7
"Hum Reprod",13,0,4,9
"Int J Biol Markers",2,0,1,1
"Can J Ophthalmol",1,0,0,1
"Fam Pract",4,0,0,4
"J Prof Nurs",5,0,0,5
"Chem Senses",2,1,0,1
"J Neurol Neurosurg Psychiatry",3,0,2,1
"Vet Clin North Am Food Anim Pract",4,0,0,4
"Age Ageing",5,0,1,4
"Astrobiology",3,0,2,1
"Nephrol News Issues",3,0,0,3
"Dev Dyn",9,1,4,4
"Acta Crystallogr B",1,0,1,0
"AORN J",2,0,0,2
"Appl Opt",13,0,7,6
"Phys Med Rehabil Clin N Am",7,0,0,7
"J Manipulative Physiol Ther",2,0,1,1
"Nutr Cancer",1,0,0,1
"J Clin Virol",2,0,1,1
"Reprod Biomed Online",9,0,0,9
"Rofo",5,1,2,2
"Eur J Obstet Gynecol Reprod Biol",8,1,1,6
"MMWR Surveill Summ",8,1,1,6
"Oncologist",40,0,5,35
"Angew Chem Int Ed Engl",1,0,0,1
"Nihon Yakurigaku Zasshi",2,0,2,0
"Jpn J Cancer Res",1,0,0,1
"ORL J Otorhinolaryngol Relat Spec",1,0,0,1
"Genes Dev",3,1,0,2
"Med Inform Internet Med",9,1,6,2
"Methods",23,3,15,5
"Altern Lab Anim",10,0,4,6
"Gesundheitswesen",7,0,0,7
"Anim Biotechnol",1,1,0,0
"Bull Cancer",7,0,2,5
"Anat Rec B New Anat",5,0,3,2
"Intensive Care Med",1,0,0,1
"Mayo Clin Proc",5,0,0,5
"J Histochem Cytochem",2,0,1,1
"Med Trop (Mars)",1,0,0,1
"J Gastroenterol Hepatol",1,1,0,0
"Prehosp Emerg Care",3,0,2,1
"Thromb Haemost",3,1,0,2
"J Cardiovasc Magn Reson",1,0,0,1
"Commun Dis Intell Q Rep",1,0,0,1
"AIDS Treat News",3,0,0,3
"Curr Med Chem",2,0,1,1
"Data Bull (Cent Stud Health Syst Change)",2,0,0,2
"HNO",3,1,1,1
"Med Eng Phys",4,1,1,2
"Diabetes Metab Res Rev",1,0,0,1
"BMC Genomics",457,159,217,81
"Eur Child Adolesc Psychiatry",1,0,1,0
"Phys Med Biol",15,4,7,4
"Contraception",3,0,0,3
"Biol Reprod",1,0,1,0
"Methods Enzymol",15,1,10,4
"OMICS",43,10,25,8
"Euro Surveill",8,0,3,5
"Public Health Nutr",5,0,2,3
"Obes Res",1,0,0,1
"J Proteome Res",124,33,68,23
"Methods Biochem Anal",2,0,2,0
"Curr Opin Cardiol",1,1,0,0
"Mol Genet Genomics",8,4,2,2
"Gynecol Obstet Fertil",1,0,0,1
"Mol Pathol",2,0,0,2
"Chembiochem",1,0,0,1
"Int J Food Microbiol",9,2,2,5
"Chromosome Res",4,1,1,2
"Toxicol Lett",4,1,1,2
"Can J Cardiol",7,0,0,7
"J Extra Corpor Technol",3,1,0,2
"Environ Sci Technol",9,0,5,4
"J Psychoactive Drugs",1,0,0,1
"Hematol J",1,0,1,0
"J Assoc Physicians India",5,1,0,4
"Cytogenet Genome Res",12,4,2,6
"Dent Clin North Am",1,0,0,1
"Braz J Med Biol Res",3,0,3,0
"Meded Rijksuniv Gent Fak Landbouwkd Toegep Biol We",1,0,1,0
"Ann Emerg Med",7,0,4,3
"Q J Nucl Med",1,0,0,1
"Transplantation",8,0,1,7
"Russ J Immunol",1,0,0,1
"J Comput Chem",88,2,79,7
"Curr Microbiol",2,1,0,1
"Hematol Oncol Clin North Am",1,0,0,1
"MMWR Morb Mortal Wkly Rep",9,0,3,6
"Avian Pathol",2,0,0,2
"Cancer Epidemiol Biomarkers Prev",6,1,1,4
"Scand J Infect Dis",3,0,0,3
"C R Biol",9,4,1,4
"Inflamm Res",1,0,0,1
"Ann Rheum Dis",7,0,0,7
"Adv Neurol",1,0,0,1
"J Biol",1,0,1,0
"Anesth Analg",5,1,2,2
"Cell Death Differ",2,2,0,0
"BMC Med Inform Decis Mak",26,2,16,8
"Aust Fam Physician",1,0,0,1
"Ground Water",5,0,4,1
"J R Soc Med",1,0,0,1
"EBRI Issue Brief",1,0,0,1
"J Eval Clin Pract",4,1,2,1
"Prog Exp Tumor Res",1,0,0,1
"Masui",5,0,3,2
"Comput Biol Chem",40,7,28,5
"Int J Cancer",7,0,0,7
"Fundam Clin Pharmacol",3,0,0,3
"Philos Trans A Math Phys Eng Sci",12,0,6,6
"ScientificWorldJournal",2,0,0,2
"Am J Alzheimers Dis Other Demen",2,0,1,1
"Anticancer Res",3,0,2,1
"Insect Biochem Mol Biol",11,1,2,8
"Theor Appl Genet",15,3,3,9
"Bratisl Lek Listy",6,0,3,3
"IEEE Trans Inf Technol Biomed",2,2,0,0
"J Struct Funct Genomics",22,6,9,7
"Bone Marrow Transplant",2,0,1,1
"Int J Legal Med",4,2,1,1
"Onkologie",4,1,0,3
"Oncology (Williston Park)",3,0,1,2
"J Child Lang",1,0,0,1
"Lipids",3,0,1,2
"J Biomol Struct Dyn",25,4,16,5
"J Cell Biochem",4,0,3,1
"Drug Saf",6,1,1,4
"Semin Oncol",2,0,0,2
"Anim Genet",12,1,5,6
"IUBMB Life",1,0,1,0
"Nat Neurosci",3,1,1,1
"J Neuroimaging",3,0,1,2
"Sheng Wu Hua Xue Yu Sheng Wu Wu Li Xue Bao (Shangh",1,0,1,0
"Appl Microbiol Biotechnol",7,2,2,3
"Am J Physiol Heart Circ Physiol",1,0,1,0
"Acta Med Okayama",1,0,0,1
"Intensive Crit Care Nurs",2,0,0,2
"J Rheumatol Suppl",1,0,0,1
"Pneumologie",3,0,0,3
"Leg Med (Tokyo)",1,1,0,0
"Geriatrics",1,0,0,1
"Guang Pu Xue Yu Guang Pu Fen Xi",1,0,1,0
"South Med J",2,0,0,2
"Transfus Apher Sci",4,0,2,2
"Arch Latinoam Nutr",2,1,0,1
"Med Image Anal",13,3,6,4
"Coll Antropol",3,1,0,2
"Can J Diet Pract Res",2,0,0,2
"Pathologe",4,0,2,2
"J Wound Care",1,0,0,1
"J Biomed Inform",46,10,29,7
"Int J Hyg Environ Health",3,1,0,2
"Plant J",29,9,12,8
"Ethn Dis",1,0,0,1
"Am J Physiol Regul Integr Comp Physiol",2,2,0,0
"BMC Plant Biol",44,26,11,7
"Environ Microbiol",9,1,4,4
"Hybrid Hybridomics",1,0,1,0
"Cas Lek Cesk",5,1,0,4
"Acta Neurochir (Wien)",1,1,0,0
"Magn Reson Med",2,1,0,1
"FASEB J",6,1,1,4
"Okla Nurse",2,0,1,1
"Curr Drug Metab",1,1,0,0
"Qual Saf Health Care",4,0,1,3
"Eur J Public Health",2,1,0,1
"Cancer Sci",2,1,0,1
"J Psychiatr Res",3,0,1,2
"Hum Hered",8,0,7,1
"J Med Libr Assoc",3,0,2,1
"Fam Cancer",5,1,2,2
"Pharmacopsychiatry",5,0,0,5
"J Biomed Sci",5,2,3,0
"Z Rheumatol",2,0,0,2
"Drugs R D",2,0,0,2
"J Med Pract Manage",2,0,2,0
"Health Serv Res",7,0,1,6
"Toxicol In Vitro",6,2,1,3
"Nucl Med Rev Cent East Eur",2,0,2,0
"Crit Care Clin",2,0,0,2
"Prog Nucleic Acid Res Mol Biol",1,0,0,1
"Pediatr Ann",1,0,0,1
"J Can Dent Assoc",3,0,0,3
"Health Estate",1,0,0,1
"Indian J Pediatr",2,0,1,1
"J Anat",10,6,3,1
"Twin Res",1,0,1,0
"Drug Metab Dispos",2,0,1,1
"Aging Male",1,0,1,0
"J Cogn Neurosci",1,0,0,1
"Med J Aust",7,1,1,5
"J Nurs Manag",1,0,0,1
"BMC Biol",13,2,4,7
"Accid Anal Prev",1,0,0,1
"J Synchrotron Radiat",3,0,0,3
"Saudi Med J",1,0,0,1
"J Child Neurol",2,1,0,1
"Chem Commun (Camb)",1,0,0,1
"Hist Cienc Saude Manguinhos",1,0,0,1
"Acta Oncol",5,3,0,2
"Intern Med J",2,0,0,2
"Pharmacol Rev",6,3,1,2
"J Fam Plann Reprod Health Care",3,0,0,3
"Environ Int",5,0,1,4
"BJOG",3,1,0,2
"Nuklearmedizin",1,0,0,1
"J Subst Abuse Treat",5,0,2,3
"Waste Manag",4,0,0,4
"Clin Auton Res",1,0,0,1
"J Health Care Chaplain",1,0,0,1
"Ann Oncol",6,1,2,3
"Biomech Model Mechanobiol",2,0,1,1
"Int J Biochem Cell Biol",3,0,1,2
"Arch Virol",4,1,3,0
"Cytometry B Clin Cytom",3,1,1,1
"J Mol Evol",4,1,2,1
"Novartis Found Symp",1,0,1,0
"Healthc Exec",1,0,0,1
"Can HIV AIDS Policy Law Rev",3,0,0,3
"AMIA Annu Symp Proc",38,2,15,21
"Insect Mol Biol",7,4,1,2
"Heart",16,4,3,9
"Acta Biochim Biophys Sin (Shanghai)",7,2,3,2
"Adv Gerontol",2,0,1,1
"Pediatr Nurs",2,0,0,2
"Harefuah",4,0,0,4
"Thyroid",3,2,0,1
"Amyotroph Lateral Scler Other Motor Neuron Disord",1,0,0,1
"J Dermatolog Treat",1,0,0,1
"Int J Clin Pharmacol Ther",1,0,1,0
"J Thromb Thrombolysis",3,0,2,1
"Front Biosci",8,3,1,4
"Zhonghua Yi Xue Yi Chuan Xue Za Zhi",4,1,0,3
"J Psychopharmacol",3,1,0,2
"Sci STKE",8,0,4,4
"Community Genet",2,1,0,1
"Genet Mol Res",18,5,12,1
"Health Promot Pract",4,0,1,3
"Farm Hosp",4,0,1,3
"Toxicol Sci",7,2,2,3
"J Vet Med Educ",8,0,3,5
"Semin Arthritis Rheum",8,0,0,8
"Orig Life Evol Biosph",2,0,2,0
"Transfus Clin Biol",1,0,0,1
"Protein Eng Des Sel",27,2,19,6
"Acta Otorrinolaringol Esp",1,0,0,1
"Mol Interv",1,0,0,1
"Contact Dermatitis",5,0,0,5
"J Clin Immunol",2,2,0,0
"Brain Pathol",1,0,0,1
"Microbes Infect",1,0,0,1
"J Biochem",1,1,0,0
"Emerg Nurse",1,0,0,1
"Anaesthesist",5,1,0,4
"Pharmacol Biochem Behav",1,0,0,1
"Headache",3,0,0,3
"Virchows Arch",8,0,3,5
"Environ Technol",2,0,1,1
"Lijec Vjesn",4,1,0,3
"Health Expect",1,0,0,1
"Regul Toxicol Pharmacol",11,1,1,9
"Neuroinformatics",48,8,32,8
"J Asthma",4,0,2,2
"Transplant Proc",7,1,2,4
"Respir Care Clin N Am",1,0,1,0
"Neurol Clin",3,0,0,3
"J Gastroenterol",3,0,2,1
"Prev Med",1,0,0,1
"J Thorac Imaging",4,0,2,2
"Mikrobiol Z",1,0,1,0
"Neonatal Netw",1,0,0,1
"Nefrologia",1,0,0,1
"Aust Vet J",3,0,0,3
"Chemotherapy",1,0,0,1
"Pancreas",1,0,1,0
"Dev Biol (Basel)",3,0,2,1
"Acta Biochim Pol",4,0,4,0
"Rev Gastroenterol Peru",1,0,0,1
"PLoS Biol",10,4,4,2
"BMC Struct Biol",38,4,28,6
"J Comp Neurol",5,1,2,2
"J Environ Radioact",6,1,2,3
"Adv Dent Res",5,0,0,5
"Extremophiles",1,0,0,1
"Biotechnol Lett",2,0,1,1
"Appl Bioinformatics",40,6,31,3
"J Psychosoc Nurs Ment Health Serv",2,0,0,2
"G Ital Med Lav Ergon",3,0,0,3
"Gerontol Geriatr Educ",1,0,0,1
"Cah Sociol Demogr Med",1,0,0,1
"Lakartidningen",2,0,0,2
"Hautarzt",6,0,2,4
"Commun Agric Appl Biol Sci",6,1,2,3
"J Public Health Manag Pract",9,0,1,8
"Value Health",4,1,1,2
"Regul Pept",1,1,0,0
"Mol Cells",11,2,5,4
"Neuroscience",5,1,1,3
"Epidemiol Mikrobiol Imunol",3,0,1,2
"J Oncol Manag",1,0,0,1
"Med Sci (Paris)",3,0,1,2
"J Arthroplasty",1,0,0,1
"Med Teach",10,0,5,5
"Int J Toxicol",2,0,0,2
"Beijing Da Xue Xue Bao",3,2,1,0
"Bundesgesundheitsblatt Gesundheitsforschung Gesund",13,1,1,11
"Del Med J",2,0,0,2
"Am J Med Genet A",7,2,1,4
"Breast Cancer Res",3,0,0,3
"BMC Evol Biol",25,4,18,3
"Vet Clin North Am Small Anim Pract",2,0,0,2
"J Paediatr Child Health",6,0,1,5
"An Pediatr (Barc)",4,1,0,3
"Cesk Patol",2,0,0,2
"J Exp Bot",6,1,0,5
"Arch Environ Health",1,0,0,1
"J Chem Phys",13,1,7,5
"Crit Rev Clin Lab Sci",1,1,0,0
"J Bioinform Comput Biol",88,4,71,13
"Pain",4,2,0,2
"Phytochemistry",7,4,2,1
"Drug Discov Today",9,0,4,5
"J Dent Res",2,0,1,1
"Fungal Genet Biol",14,5,6,3
"Parassitologia",3,0,2,1
"Biosens Bioelectron",2,0,1,1
"Taehan Kanho Hakhoe Chi",5,0,2,3
"Respiration",1,0,0,1
"Clin Genet",3,0,2,1
"Biol Cell",10,2,5,3
"N Z Dent J",1,0,0,1
"Ann Fam Med",1,0,1,0
"Biometrics",3,0,2,1
"Mol Cell Biol",1,0,0,1
"Genet Test",2,1,1,0
"Internet Healthc Strateg",2,0,0,2
"J Microbiol",4,0,4,0
"Heredity (Edinb)",4,0,4,0
"J Clin Psychol",2,1,0,1
"MMW Fortschr Med",6,1,0,5
"Clin Microbiol Infect",5,0,2,3
"Can J Neurol Sci",2,0,0,2
"Transpl Immunol",1,0,0,1
"J Biosci",11,3,7,1
"IEEE Trans Nanobioscience",10,0,9,1
"Bioorg Med Chem",1,0,1,0
"Infect Genet Evol",25,13,6,6
"Ann Behav Med",2,0,1,1
"J Neurophysiol",2,1,0,1
"N Y State Dent J",1,0,0,1
"Northwest Dent",2,0,0,2
"J Cyst Fibros",5,0,1,4
"Neurologia",1,0,0,1
"Clin Rehabil",1,0,0,1
"DNA Repair (Amst)",6,4,1,1
"Retrovirology",7,3,2,2
"Cancer Biol Ther",6,0,1,5
"Mol Biochem Parasitol",6,3,1,2
"Clin Lab",4,0,3,1
"Practitioner",1,0,0,1
"Methods Mol Med",2,1,1,0
"Bull World Health Organ",3,1,0,2
"Rev Panam Salud Publica",1,0,0,1
"N J Nurse",1,0,0,1
"Am Psychol",2,0,0,2
"Ophthalmology",2,0,0,2
"Cell Biol Educ",2,0,1,1
"Dis Markers",1,1,0,0
"Org Biomol Chem",3,3,0,0
"Mt Sinai J Med",1,0,0,1
"J Muscle Res Cell Motil",1,0,1,0
"J Morphol",1,0,0,1
"Tidsskr Nor Laegeforen",3,1,1,1
"Arch Microbiol",2,0,1,1
"Clin Exp Rheumatol",5,0,3,2
"Diabetes",3,1,0,2
"Zhongguo Yi Xue Ke Xue Yuan Xue Bao",1,1,0,0
"Unfallchirurg",5,0,0,5
"Crit Care",3,0,0,3
"Contrib Nephrol",2,0,0,2
"Plant Biol (Stuttg)",3,1,1,1
"Patient Educ Couns",7,0,3,4
"Clin Neuropathol",2,0,1,1
"Expert Opin Ther Targets",1,0,0,1
"Vet Clin North Am Exot Anim Pract",1,0,0,1
"Vascular",1,0,0,1
"Ann ICRP",1,0,0,1
"J Appl Physiol (1985)",3,1,1,1
"J Neurosurg",2,0,0,2
"Invest Clin",2,0,0,2
"Evid Based Dent",18,2,0,16
"Can J Clin Pharmacol",2,0,0,2
"Anal Bioanal Chem",6,0,2,4
"Isotopes Environ Health Stud",1,0,1,0
"Med Mal Infect",1,0,0,1
"Gac Sanit",4,0,1,3
"Neuroimage",39,5,20,14
"Biofactors",1,1,0,0
"IEEE Trans Pattern Anal Mach Intell",11,2,7,2
"Jt Comm J Qual Saf",1,0,0,1
"J Hum Nutr Diet",4,1,1,2
"Arch Environ Contam Toxicol",1,0,0,1
"BMC Neurosci",5,1,4,0
"Mol Pharmacol",2,0,0,2
"Dentomaxillofac Radiol",1,0,1,0
"Ther Drug Monit",3,1,0,2
"J Chem Inf Model",119,25,75,19
"Doc Ophthalmol",3,0,0,3
"Clin Exp Metastasis",1,0,0,1
"Epilepsia",7,1,4,2
"Toxicon",7,3,3,1
"Reprod Toxicol",2,1,1,0
"J Plant Res",1,1,0,0
"Vision Res",5,0,3,2
"Strahlenther Onkol",3,0,1,2
"Plant Physiol Biochem",2,1,0,1
"Oecologia",5,0,1,4
"Rev Laryngol Otol Rhinol (Bord)",1,0,0,1
"Theor Popul Biol",1,0,1,0
"Alcohol Clin Exp Res",5,0,0,5
"Curr Atheroscler Rep",1,0,0,1
"Cytometry A",6,0,5,1
"Yi Chuan",5,0,3,2
"Ind Health",2,0,0,2
"Biochimie",10,1,5,4
"Psychother Psychosom",1,0,0,1
"School Nurse News",1,0,0,1
"Pharmacoeconomics",1,1,0,0
"Birth Defects Res A Clin Mol Teratol",2,0,0,2
"S Afr Med J",3,0,0,3
"World Hosp Health Serv",2,0,0,2
"Ginekol Pol",1,0,0,1
"Health Qual Life Outcomes",3,0,1,2
"Mar Pollut Bull",3,0,0,3
"Br J Anaesth",6,1,0,5
"J AOAC Int",6,1,1,4
"BMC Genet",26,5,17,4
"Jpn J Physiol",1,0,1,0
"J Trauma",2,0,0,2
"Gen Hosp Psychiatry",2,0,0,2
"Lancet Infect Dis",2,0,0,2
"Zhonghua Liu Xing Bing Xue Za Zhi",2,0,0,2
"J Med Microbiol",5,2,0,3
"Rev Med Suisse",8,0,0,8
"Am J Med Qual",1,0,0,1
"J Natl Cancer Inst Monogr",1,0,0,1
"World J Gastroenterol",5,3,2,0
"Clin Lymphoma",1,0,0,1
"Acta Astronaut",1,0,0,1
"Dis Colon Rectum",4,0,1,3
"Eukaryot Cell",3,1,0,2
"J Zhejiang Univ Sci B",2,0,2,0
"Autoimmun Rev",6,0,2,4
"Prog Mol Subcell Biol",1,0,0,1
"Stud Fam Plann",1,0,0,1
"Neural Comput",4,0,2,2
"Genesis",4,1,2,1
"Proc IEEE Comput Soc Bioinform Conf",3,0,2,1
"Amino Acids",36,3,26,7
"Rom J Morphol Embryol",3,0,0,3
"BMC Dermatol",2,1,0,1
"J Insect Sci",2,0,1,1
"New Phytol",6,2,4,0
"Blood Coagul Fibrinolysis",4,4,0,0
"Drugs Today (Barc)",2,0,0,2
"Drug News Perspect",3,0,0,3
"Arthritis Res Ther",1,0,1,0
"Genomics Proteomics Bioinformatics",46,9,33,4
"Phys Rev E Stat Nonlin Soft Matter Phys",6,0,3,3
"J Biochem Biophys Methods",1,0,0,1
"Nurse Educ Today",11,0,2,9
"Dtsch Med Wochenschr",6,1,0,5
"Sci Eng Ethics",3,0,1,2
"Acta Cient Venez",1,1,0,0
"J Nurs Meas",1,0,0,1
"Zhonghua Er Ke Za Zhi",3,0,0,3
"Clin Med Res",1,0,0,1
"J Agric Saf Health",3,1,0,2
"J Appl Meas",1,0,1,0
"Theor Biol Med Model",2,0,0,2
"J Cell Physiol",2,0,1,1
"Enferm Infecc Microbiol Clin",5,0,0,5
"Subst Use Misuse",1,0,0,1
"Curr Alzheimer Res",1,0,0,1
"Curr Opin Microbiol",1,0,0,1
"J Acquir Immune Defic Syndr",1,0,0,1
"Toxicol Appl Pharmacol",8,4,3,1
"Crit Rev Microbiol",1,0,0,1
"Expert Opin Investig Drugs",2,0,1,1
"Parasitology",3,1,0,2
"NTP CERHR MON",3,0,0,3
"J Ind Microbiol Biotechnol",1,0,0,1
"Eur J Haematol Suppl",1,0,0,1
"Pediatr Dev Pathol",1,0,0,1
"Neurol Clin Neurophysiol",1,0,1,0
"Oncology",3,0,0,3
"J Mol Med (Berl)",1,0,0,1
"Clin Nurse Spec",2,0,1,1
"J Neurosurg Spine",2,0,0,2
"Zhonghua Yi Xue Za Zhi",3,0,0,3
"N Z Vet J",1,0,0,1
"IDrugs",4,0,1,3
"Tuberculosis (Edinb)",9,5,2,2
"Am J Clin Pathol",3,0,1,2
"Stem Cells",5,1,0,4
"J Mol Model",20,5,14,1
"Acta Med Croatica",1,0,0,1
"Behav Res Methods",83,19,46,18
"Curr Pharm Des",2,0,1,1
"Audiol Neurootol",1,0,0,1
"PLoS Comput Biol",144,9,104,31
"Acta Medica (Hradec Kralove) Suppl",2,0,2,0
"Kidney Int Suppl",3,0,3,0
"Cephalalgia",1,0,0,1
"J Adolesc Health",3,0,1,2
"Nurs Outlook",1,0,1,0
"Stroke",14,0,6,8
"J Biomech Eng",4,0,2,2
"FDA Consum",1,0,0,1
"J Anim Breed Genet",3,0,2,1
"Health Care Manag (Frederick)",3,0,0,3
"PLoS Genet",24,5,12,7
"Med Vet Entomol",1,0,1,0
"J Am Geriatr Soc",6,2,1,3
"Parasite Immunol",1,0,0,1
"Care Manag J",3,0,0,3
"Otol Neurotol",2,0,0,2
"Curr Opin Pediatr",1,0,0,1
"J Biomol Screen",5,1,4,0
"Int J Health Geogr",7,1,6,0
"Arch Suicide Res",1,0,0,1
"Acta Paediatr",2,0,0,2
"J Craniofac Surg",2,0,0,2
"Br J Nutr",4,2,0,2
"Eura Medicophys",1,0,0,1
"Surg Infect (Larchmt)",2,0,0,2
"Tree Physiol",1,1,0,0
"Environ Sci Pollut Res Int",11,1,3,7
"Nutr Clin Pract",3,0,1,2
"WMJ",5,0,2,3
"Gerontologist",1,0,0,1
"Oral Microbiol Immunol",3,2,0,1
"Clin Appl Thromb Hemost",1,0,0,1
"Eur Spine J",6,2,1,3
"Nucleosides Nucleotides Nucleic Acids",2,0,1,1
"Sci China C Life Sci",2,0,1,1
"Zhonghua Shi Yan He Lin Chuang Bing Du Xue Za Zhi",1,1,0,0
"Scand Cardiovasc J",1,0,1,0
"Allergy Asthma Proc",3,0,0,3
"Seizure",5,1,1,3
"J Appl Genet",2,0,0,2
"Clin Trials",7,0,2,5
"Plant Methods",15,3,10,2
"Curr Treat Options Cardiovasc Med",2,0,0,2
"J Am Acad Child Adolesc Psychiatry",3,0,1,2
"Chirurg",2,0,0,2
"Hematology Am Soc Hematol Educ Program",2,0,0,2
"Prax Kinderpsychol Kinderpsychiatr",3,0,0,3
"Immunome Res",9,2,5,2
"Antivir Ther",3,0,2,1
"Clin Lab Sci",3,0,1,2
"Lancet Oncol",3,0,1,2
"Angiology",2,0,0,2
"BMC Nephrol",7,0,0,7
"FEMS Microbiol Ecol",1,0,1,0
"J Biochem Mol Biol",2,1,0,1
"J Psycholinguist Res",2,0,0,2
"Zoology (Jena)",1,0,0,1
"J Assoc Genet Technol",1,0,0,1
"Prikl Biokhim Mikrobiol",1,0,0,1
"J Headache Pain",1,0,0,1
"MedGenMed",3,0,1,2
"Kans Nurse",1,0,0,1
"Biom J",3,0,2,1
"Trop Med Int Health",1,0,0,1
"Biostatistics",9,0,5,4
"Clin Otolaryngol",4,0,4,0
"J Med Assoc Thai",2,1,1,0
"BMC Ecol",3,2,1,0
"Mol Cell Endocrinol",2,1,1,0
"Brief Bioinform",37,6,26,5
"Cancer Immunol Immunother",1,1,0,0
"J Mol Diagn",2,0,1,1
"J Med Ethics",1,0,0,1
"Proc IEEE Comput Syst Bioinform Conf",3,0,2,1
"Aust Health Rev",3,0,0,3
"East Afr Med J",1,0,1,0
"Clin Experiment Ophthalmol",3,1,1,1
"Genewatch",1,0,0,1
"Adolesc Med Clin",6,0,0,6
"J Gen Psychol",1,0,0,1
"MAGMA",3,1,0,2
"FEBS J",19,8,5,6
"Thorac Cardiovasc Surg",2,0,0,2
"Prev Sci",1,0,0,1
"Aust Nurs J",1,0,0,1
"Biol Bull",1,0,0,1
"Nurs Stand",7,0,1,6
"BMC Med Educ",10,0,5,5
"Georgian Med News",3,1,0,2
"Mol Reprod Dev",2,0,0,2
"Mycol Res",1,1,0,0
"Strabismus",3,0,0,3
"CNS Spectr",1,0,0,1
"BMC Infect Dis",7,0,5,2
"Cancer Treat Rev",2,0,0,2
"J Am Pharm Assoc (2003)",6,0,0,6
"Prenat Diagn",1,1,0,0
"Wilderness Environ Med",3,0,0,3
"J Integr Neurosci",1,1,0,0
"Pediatr Res",2,0,1,1
"Ann R Coll Surg Engl",4,1,2,1
"Prog Orthod",1,0,0,1
"Comput Inform Nurs",2,0,1,1
"Micron",1,1,0,0
"Eur J Cancer",6,0,1,5
"Psychiatr Prax",2,0,0,2
"Diabetologia",8,0,1,7
"Genes Brain Behav",1,0,1,0
"BMC Med Genet",7,2,1,4
"Int J Neurosci",1,0,1,0
"BMC Immunol",6,3,2,1
"Rev Epidemiol Sante Publique",1,1,0,0
"Twin Res Hum Genet",8,1,4,3
"Clin Toxicol (Phila)",6,2,0,4
"J Athl Train",1,0,0,1
"Cancer Invest",1,0,0,1
"Hawaii Med J",1,0,0,1
"J Neurol Sci",5,0,1,4
"Hepatology",5,2,0,3
"Arch Dis Child",6,1,2,3
"Integr Environ Assess Manag",3,0,0,3
"Neuropathol Appl Neurobiol",1,0,0,1
"Traffic",1,1,0,0
"Stat Appl Genet Mol Biol",16,0,14,2
"Neuro Endocrinol Lett",1,1,0,0
"Med Klin (Munich)",4,1,1,2
"Sex Transm Dis",2,0,0,2
"Acta Neurochir Suppl",3,0,0,3
"Cell Biochem Biophys",3,1,0,2
"Sci Justice",1,0,0,1
"Cell Mol Neurobiol",1,0,0,1
"Photosynth Res",12,1,1,10
"Ernst Schering Res Found Workshop",1,0,1,0
"Phys Rev Lett",3,0,0,3
"Dtsch Tierarztl Wochenschr",1,1,0,0
"Clin Biochem",2,0,1,1
"J Nephrol",1,0,0,1
"Mol Syst Biol",6,2,3,1
"Promot Educ",4,0,0,4
"J Biomol Tech",4,0,3,1
"Dev Psychol",1,0,0,1
"Mikrobiologiia",1,0,1,0
"Addict Biol",2,0,1,1
"Scoliosis",1,0,0,1
"Cancer Gene Ther",4,0,0,4
"Mult Scler",2,0,1,1
"Int J Integr Care",1,0,1,0
"J Am Soc Nephrol",4,1,1,2
"Ann Vasc Surg",2,0,1,1
"Explore (NY)",2,0,0,2
"IEEE Trans Neural Syst Rehabil Eng",2,0,2,0
"Epileptic Disord",1,0,0,1
"Bull Math Biol",3,0,1,2
"J Am Board Fam Med",3,0,1,2
"J Biomed Discov Collab",3,0,2,1
"J Hazard Mater",3,1,0,2
"Magn Reson Chem",4,0,4,0
"Epidemiol Prev",5,0,3,2
"Eur J Med Genet",2,1,1,0
"Nurs Res",1,0,0,1
"BMC Med Res Methodol",5,0,5,0
"J Environ Manage",4,0,3,1
"Protein Expr Purif",2,1,1,0
"BMC Biotechnol",3,0,3,0
"Clin Neuropharmacol",1,0,0,1
"Int J Eat Disord",2,1,0,1
"Environ Res",1,0,0,1
"Mol Phylogenet Evol",9,0,3,6
"Archaea",2,1,1,0
"Soc Secur Bull",5,0,1,4
"J Am Assoc Lab Anim Sci",2,0,0,2
"Early Hum Dev",1,0,0,1
"J Med Entomol",8,2,0,6
"Int J Immunogenet",3,0,1,2
"Mar Biotechnol (NY)",3,0,0,3
"Int J Behav Nutr Phys Act",2,0,0,2
"J Appl Microbiol",4,1,2,1
"Arch Kriminol",1,0,0,1
"Kinetoplastid Biol Dis",2,0,0,2
"Eur J Cardiovasc Prev Rehabil",1,0,1,0
"J Cardiovasc Med (Hagerstown)",1,1,0,0
"J Autism Dev Disord",2,0,1,1
"J Circadian Rhythms",1,0,1,0
"Cancer Genet Cytogenet",2,1,0,1
"J Agric Food Chem",7,4,2,1
"Br J Sociol",1,0,0,1
"Digestion",1,0,0,1
"Waste Manag Res",2,0,1,1
"Algorithms Mol Biol",57,1,53,3
"Genet Sel Evol",3,0,1,2
"Spinal Cord",7,3,1,3
"J Sex Marital Ther",1,0,0,1
"Pain Res Manag",1,0,0,1
"Chest",11,1,2,8
"J Eukaryot Microbiol",1,0,1,0
"Optom Vis Sci",3,0,2,1
"Rev Fac Cien Med Univ Nac Cordoba",2,0,2,0
"Arch Surg",1,0,1,0
"Policy Brief (Cent Home Care Policy Res)",1,0,0,1
"Ann Occup Hyg",2,1,1,0
"Rev Urol",1,0,0,1
"Syst Biol (Stevenage)",2,0,2,0
"Z Gastroenterol",4,0,1,3
"J Gen Intern Med",6,4,0,2
"Pharmacogenet Genomics",5,0,0,5
"Laryngoscope",2,0,0,2
"Immunology",3,1,1,1
"Surg Innov",4,0,2,2
"CBE Life Sci Educ",9,0,4,5
"J Rheumatol",5,0,0,5
"Int J Paediatr Dent",1,0,0,1
"J R Soc Interface",10,1,7,2
"Gene Expr",3,2,0,1
"Med Lav",4,0,3,1
"Health Informatics J",4,1,0,3
"Diagn Pathol",5,0,1,4
"Ecotoxicology",2,0,1,1
"IEEE/ACM Trans Comput Biol Bioinform",64,2,55,7
"J Electron Microsc (Tokyo)",1,0,1,0
"Pediatr Nephrol",2,0,0,2
"Exp Toxicol Pathol",1,0,0,1
"Syst Biol",13,2,10,1
"Int J Obes (Lond)",5,2,2,1
"Medicare Brief",1,0,0,1
"J Long Term Eff Med Implants",2,0,0,2
"Am J Obstet Gynecol",3,0,0,3
"Health Care Manage Rev",1,0,0,1
"Br J Pharmacol",5,2,1,2
"Conn Med",1,0,0,1
"Addict Behav",3,0,1,2
"Osteoporos Int",2,0,2,0
"Z Kinder Jugendpsychiatr Psychother",1,0,0,1
"Am J Infect Control",3,1,0,2
"Eur J Gastroenterol Hepatol",4,0,3,1
"Biochem Pharmacol",1,0,1,0
"Theriogenology",1,0,0,1
"Vestn Ross Akad Med Nauk",1,0,0,1
"Top HIV Med",1,0,0,1
"Sex Transm Infect",3,0,1,2
"Support Care Cancer",2,0,2,0
"Behav Genet",4,0,3,1
"Subst Abus",2,0,1,1
"Plant Biotechnol J",6,2,2,2
"Dan Med Bull",2,1,0,1
"Biotechnol Appl Biochem",1,0,0,1
"Eur J Neurosci",2,0,2,0
"Int J Nurs Stud",1,0,0,1
"NMR Biomed",1,0,1,0
"Acta Biomed",1,0,0,1
"Am J Trop Med Hyg",2,0,0,2
"Aten Primaria",2,0,0,2
"Math Biosci",2,0,1,1
"Autoimmunity",1,0,1,0
"J Pain Palliat Care Pharmacother",11,0,2,9
"PLoS One",873,122,603,148
"J Food Prot",6,1,4,1
"Mol Cell Proteomics",37,8,20,9
"Can J Public Health",4,0,0,4
"Autophagy",5,2,1,2
"J Eur Acad Dermatol Venereol",4,2,0,2
"J Pediatr Surg",5,0,0,5
"New Solut",3,0,1,2
"Dev Med Child Neurol",1,0,0,1
"J Pharmacokinet Pharmacodyn",4,1,1,2
"Asia Pac J Clin Nutr",3,0,0,3
"J Med Screen",3,0,0,3
"Biol Direct",13,1,11,1
"Mycorrhiza",2,2,0,0
"J Infect",2,0,0,2
"Indian J Exp Biol",1,0,0,1
"Rev Enferm",1,0,1,0
"J Manag Care Pharm",1,0,0,1
"Proteome Sci",12,1,9,2
"Conf Proc IEEE Eng Med Biol Soc",25,2,19,4
"J Perinat Educ",1,0,0,1
"Health Prog",1,0,0,1
"Ultrasound Med Biol",1,0,1,0
"J Microw Power Electromagn Energy",1,0,1,0
"AAPS J",4,0,2,2
"Mol Diagn Ther",2,2,0,0
"Br J Sports Med",3,0,0,3
"Physiol Res",1,0,0,1
"Clin Obstet Gynecol",2,0,0,2
"Clin Oncol (R Coll Radiol)",1,0,0,1
"Chem Res Toxicol",6,0,3,3
"NIH Consens State Sci Statements",2,0,1,1
"J BUON",3,1,0,2
"Curr Drug Discov Technol",1,0,1,0
"Int J Biol Macromol",2,1,1,0
"Diabetes Care",3,1,2,0
"Environ Biosafety Res",1,0,1,0
"J Radiol Prot",2,0,2,0
"Photochem Photobiol Sci",1,0,0,1
"Nephrol Nurs J",2,0,0,2
"J Pediatr Psychol",4,0,2,2
"Comp Med",1,0,0,1
"Vox Sang",1,0,0,1
"Med Image Comput Comput Assist Interv",5,2,1,2
"Prim Care Respir J",5,0,0,5
"Vaccine",11,1,2,8
"Immunol Rev",2,0,0,2
"Neurotoxicology",1,0,0,1
"Comput Syst Bioinformatics Conf",6,0,5,1
"Arch Pediatr",5,0,0,5
"Arch Otolaryngol Head Neck Surg",1,0,0,1
"Prog Urol",3,0,1,2
"J Cereb Blood Flow Metab",1,0,1,0
"Cardiol Young",4,0,1,3
"Dig Dis Sci",3,1,1,1
"Cold Spring Harb Symp Quant Biol",5,1,4,0
"Cell Cycle",2,1,0,1
"Source Code Biol Med",47,3,40,4
"Arb Paul Ehrlich Inst Bundesamt Sera Impfstoffe Fr",1,1,0,0
"Indian J Cancer",2,1,0,1
"Cancer Inform",27,9,10,8
"Nat Protoc",22,4,16,2
"Microb Ecol",8,1,5,2
"BMC Syst Biol",110,10,88,12
"Zoolog Sci",2,2,0,0
"J Hypertens",1,1,0,0
"Psychiatr Genet",2,1,0,1
"Lancet Neurol",1,0,0,1
"Cell Immunol",3,3,0,0
"Rev Esp Anestesiol Reanim",3,0,0,3
"Med Care",2,2,0,0
"Transgenic Res",4,1,0,3
"AIDS Care",2,0,0,2
"Indian J Dermatol Venereol Leprol",2,0,1,1
"Regen Med",2,0,1,1
"J Am Coll Radiol",3,0,2,1
"Cleve Clin J Med",2,0,0,2
"Diabet Med",5,0,0,5
"Nurs Leadersh (Tor Ont)",1,0,0,1
"J Neurosci Nurs",2,0,1,1
"J Pain Symptom Manage",2,0,0,2
"Mycologia",2,1,1,0
"Schizophr Res",4,0,0,4
"Nicotine Tob Res",7,0,3,4
"Arch Dermatol Res",1,0,1,0
"Zhong Xi Yi Jie He Xue Bao",4,0,0,4
"J Genet Genomics",4,0,2,2
"AIDS",2,0,2,0
"Rev Sci Instrum",7,0,2,5
"Ocul Surf",2,0,0,2
"J Electromyogr Kinesiol",1,0,1,0
"Int J Epidemiol",31,5,2,24
"Int J Med Robot",1,0,0,1
"Acta Radiol",1,0,0,1
"Brain Nerve",3,0,1,2
"Can J Anaesth",4,0,2,2
"Laeknabladid",5,0,0,5
"J Phys Chem A",3,0,1,2
"J Can Chiropr Assoc",2,0,0,2
"J Expo Sci Environ Epidemiol",2,0,1,1
"Matern Child Health J",1,0,1,0
"Poult Sci",2,1,1,0
"Disabil Rehabil",6,0,3,3
"Br J Clin Pharmacol",2,1,0,1
"PLoS Med",4,1,0,3
"Clin Exp Allergy",4,2,0,2
"Asian J Androl",2,1,0,1
"J Math Biol",3,0,3,0
"Bioinformation",242,124,100,18
"J Am Coll Cardiol",2,0,0,2
"Law Hum Behav",1,0,0,1
"Med Biol Eng Comput",6,0,4,2
"Acta Crystallogr Sect F Struct Biol Cryst Commun",4,1,1,2
"J Sex Med",3,0,0,3
"Matrix Biol",1,1,0,0
"Medicina (Kaunas)",1,0,0,1
"Health Care Financ Rev",1,0,0,1
"Nat Prod Rep",1,0,0,1
"BMC Biochem",3,1,1,1
"Aquat Toxicol",6,1,0,5
"Hereditas",1,0,1,0
"Fen Zi Xi Bao Sheng Wu Xue Bao",1,0,0,1
"World J Surg",3,0,1,2
"Australas Phys Eng Sci Med",2,0,2,0
"J Invest Dermatol",4,0,0,4
"Z Psychosom Med Psychother",2,0,1,1
"Surg Oncol",1,0,0,1
"Rapid Commun Mass Spectrom",7,0,6,1
"Afr J Med Med Sci",1,0,0,1
"Perspect Vasc Surg Endovasc Ther",11,0,0,11
"Rev Prat",4,0,1,3
"Int J Impot Res",1,0,1,0
"Clin Liver Dis",2,0,1,1
"Infant Behav Dev",1,0,0,1
"Ophthalmologica",1,0,0,1
"BMC Dev Biol",6,4,2,0
"J Thorac Oncol",4,1,0,3
"J Huazhong Univ Sci Technolog Med Sci",1,0,1,0
"Nurs Econ",1,0,1,0
"Int J Drug Policy",4,1,0,3
"Nihon Hansenbyo Gakkai Zasshi",1,0,1,0
"Pract Neurol",1,0,0,1
"Inhal Toxicol",1,0,0,1
"Ann Thorac Surg",1,0,0,1
"Breastfeed Rev",1,0,0,1
"Tumori",4,1,0,3
"Nat Methods",35,3,30,2
"Diagn Microbiol Infect Dis",1,0,0,1
"Ann Pharmacother",5,1,1,3
"Biomol Eng",1,1,0,0
"Ergonomics",2,0,0,2
"Mikrobiyol Bul",6,0,0,6
"Hu Li Za Zhi",1,0,1,0
"J Chromatogr A",8,0,6,2
"Trends Parasitol",4,1,0,3
"BMC Pulm Med",4,0,3,1
"Homeopathy",2,2,0,0
"Eur J Epidemiol",5,0,2,3
"BMC Psychiatry",4,0,0,4
"Int Immunol",1,1,0,0
"Epigenetics",8,2,2,4
"Am J Respir Crit Care Med",5,0,2,3
"Optometry",1,0,0,1
"Semin Fetal Neonatal Med",1,0,0,1
"Wien Klin Wochenschr",6,0,2,4
"J Electrocardiol",3,1,0,2
"Lifetime Data Anal",1,1,0,0
"Transfusion",3,0,3,0
"J Dtsch Dermatol Ges",3,0,1,2
"Curr Top Dev Biol",1,0,0,1
"Can J Surg",1,1,0,0
"Behav Processes",2,0,1,1
"JAAPA",1,0,0,1
"Zhongguo Ji Sheng Chong Xue Yu Ji Sheng Chong Bing",1,0,0,1
"Br J Clin Psychol",3,0,2,1
"J Plast Reconstr Aesthet Surg",4,1,3,0
"Ann Biol Clin (Paris)",2,0,0,2
"J Neuroimmune Pharmacol",2,0,0,2
"Clin Exp Optom",2,1,1,0
"Int J Low Extrem Wounds",1,0,0,1
"Omega (Westport)",2,0,1,1
"Gene Expr Patterns",1,0,1,0
"J Physiol Paris",1,0,0,1
"Microsc Res Tech",2,0,1,1
"BMC Urol",2,1,0,1
"Biomed Khim",2,0,2,0
"Spine J",2,0,1,1
"Fish Shellfish Immunol",3,1,0,2
"Antiviral Res",9,1,0,8
"J Oral Maxillofac Surg",3,0,0,3
"Opt Lett",4,0,3,1
"Ocul Immunol Inflamm",1,0,0,1
"Virol J",3,1,2,0
"J Heart Lung Transplant",4,0,3,1
"Am J Kidney Dis",5,0,2,3
"J Pediatr Orthop",3,1,1,1
"Arq Bras Oftalmol",1,0,0,1
"Vet Microbiol",4,1,1,2
"Korean J Lab Med",1,0,1,0
"J Biopharm Stat",1,0,0,1
"Biochemistry",3,1,1,1
"J Nanobiotechnology",1,0,0,1
"Mol Psychiatry",2,1,1,0
"J Ayub Med Coll Abbottabad",1,0,1,0
"Am J Gastroenterol",2,1,0,1
"Fertil Steril",7,0,1,6
"Mol Pharm",2,0,2,0
"Prim Dent Care",1,0,0,1
"J Phys Act Health",1,0,0,1
"Rev Esp Cardiol",2,0,0,2
"Anat Rec (Hoboken)",4,0,2,2
"Rev Med Interne",2,0,0,2
"Biomed Pharmacother",1,0,0,1
"IEEE Trans Syst Man Cybern B Cybern",1,0,1,0
"Inj Prev",1,0,0,1
"J Genet Couns",2,0,0,2
"IET Syst Biol",6,0,3,3
"IEEE Trans Image Process",10,1,9,0
"Neural Netw",11,2,6,3
"Arch Intern Med",2,0,2,0
"Int J Comput Dent",1,0,0,1
"Comp Funct Genomics",22,5,10,7
"Acta Chir Belg",1,0,0,1
"PLoS Pathog",4,1,1,2
"Dermatol Nurs",1,0,0,1
"Eur J Cancer Prev",1,1,0,0
"Nihon Hotetsu Shika Gakkai Zasshi",1,0,1,0
"FEMS Yeast Res",3,2,1,0
"Circ J",2,0,1,1
"Br J Ophthalmol",6,0,0,6
"Hematol Oncol",1,0,0,1
"J Anim Sci",5,0,2,3
"Curr Opin Endocrinol Diabetes Obes",1,0,0,1
"Evid Based Complement Alternat Med",2,0,0,2
"J Emerg Med",2,0,0,2
"Behav Ther",2,0,0,2
"Crit Pathw Cardiol",2,0,0,2
"Acta Neuropathol",1,0,0,1
"Eur Arch Psychiatry Clin Neurosci",1,0,1,0
"EURASIP J Bioinform Syst Biol",2,0,2,0
"Encephale",2,0,0,2
"Int J Environ Health Res",1,0,0,1
"J Toxicol Environ Health B Crit Rev",2,0,0,2
"J Bone Joint Surg Br",1,0,0,1
"J Clin Pharmacol",1,0,1,0
"Pediatr Pulmonol",2,1,0,1
"Chemosphere",4,2,1,1
"Sci Signal",17,2,4,11
"Tex Dent J",1,0,1,0
"N Z Med J",2,0,0,2
"Exp Dermatol",1,0,0,1
"Curr Opin Genet Dev",1,0,0,1
"J Healthc Prot Manage",5,0,0,5
"Mol Biosyst",18,2,15,1
"Int J Tuberc Lung Dis",1,0,1,0
"Biosci Rep",1,0,0,1
"J Transl Med",9,1,3,5
"Curr Protoc Hum Genet",1,0,1,0
"Curr Protoc Bioinformatics",5,0,4,1
"J Dent Child (Chic)",1,0,0,1
"Arch Clin Neuropsychol",1,0,1,0
"Dev Ophthalmol",1,0,0,1
"J Rehabil Med",1,0,0,1
"BMC Proc",9,0,8,1
"Aust J Rural Health",1,0,0,1
"Viral Immunol",1,0,0,1
"Diagn Cytopathol",3,0,2,1
"Chem Biol Drug Des",7,4,3,0
"Pediatr Emerg Care",2,0,1,1
"J Mol Recognit",3,0,3,0
"Br Dent J",6,0,0,6
"Cell Tissue Res",2,0,1,1
"Arq Bras Endocrinol Metabol",1,0,0,1
"Mol Divers",16,0,14,2
"N S W Public Health Bull",2,0,0,2
"Subcell Biochem",1,0,0,1
"Semin Radiat Oncol",1,0,0,1
"Expert Rev Proteomics",2,0,0,2
"Am J Med Genet B Neuropsychiatr Genet",2,0,0,2
"Zebrafish",6,5,1,0
"Med Device Technol",1,0,0,1
"Acta Crystallogr A",3,0,2,1
"World Psychiatry",1,0,1,0
"J Cell Commun Signal",1,0,0,1
"J Obstet Gynaecol",2,0,0,2
"Tech Vasc Interv Radiol",1,0,0,1
"Gend Med",2,0,0,2
"Gene Ther",4,0,2,2
"Peptides",6,1,2,3
"J Proteomics",18,1,12,5
"J Peripher Nerv Syst",2,0,0,2
"J Biol Inorg Chem",2,1,1,0
"Proc West Pharmacol Soc",2,0,1,1
"Adolesc Med State Art Rev",3,0,0,3
"ISA Trans",1,0,0,1
"Arch Gen Psychiatry",1,0,0,1
"Amyotroph Lateral Scler",6,4,1,1
"Clin Neuropsychol",3,0,3,0
"Clin Pharmacol Ther",6,1,1,4
"Clin Breast Cancer",1,0,0,1
"Hepatol Res",3,1,0,2
"Vet Ophthalmol",2,1,0,1
"Metabolism",2,0,2,0
"Complement Ther Clin Pract",1,0,0,1
"J Fam Health Care",1,0,0,1
"Schizophr Bull",2,0,1,1
"Radiol Technol",1,0,0,1
"Hum Gene Ther",3,0,0,3
"J Antimicrob Chemother",11,0,4,7
"J Biomed Mater Res A",2,0,0,2
"Scand J Public Health",4,1,1,2
"Niger J Med",1,0,0,1
"Comput Methods Biomech Biomed Engin",6,0,5,1
"Syst Appl Microbiol",8,4,1,3
"Alcohol Alcohol",2,0,1,1
"BMC Cancer",12,2,4,6
"Cardiovasc Intervent Radiol",3,0,1,2
"Mol Plant Pathol",147,2,2,143
"Z Geburtshilfe Neonatol",3,0,2,1
"Rev Esp Salud Publica",1,0,0,1
"BMC Res Notes",114,19,84,11
"Rev Assoc Med Bras",1,0,0,1
"Psychol Sci",2,0,0,2
"Ann Hepatol",1,0,0,1
"JOP",1,0,0,1
"Medscape J Med",1,0,0,1
"Br J Community Nurs",1,0,0,1
"G Ital Cardiol (Rome)",2,0,1,1
"Urol Oncol",3,1,0,2
"Physiologist",2,0,0,2
"Rev Neurol (Paris)",4,1,0,3
"J Epidemiol Community Health",1,0,1,0
"Ann Surg",3,0,0,3
"Cochlear Implants Int",2,0,0,2
"Blood Press Monit",2,0,0,2
"Evol Dev",1,1,0,0
"Oral Oncol",2,1,0,1
"Fly (Austin)",5,1,2,2
"BioData Min",12,4,6,2
"N Biotechnol",5,0,3,2
"Am J Nurs",13,1,1,11
"Int J Infect Dis",2,0,0,2
"Environ Manage",4,0,2,2
"Plasmid",1,0,0,1
"J Surg Res",2,0,0,2
"J Microbiol Biotechnol",3,1,0,2
"BMC Complement Altern Med",3,1,0,2
"Teach Learn Med",1,0,0,1
"Nat Rev Drug Discov",1,1,0,0
"Neuroepidemiology",1,0,0,1
"Scand J Gastroenterol",3,0,0,3
"PLoS Negl Trop Dis",8,3,2,3
"J Pediatr Urol",2,0,1,1
"J Environ Qual",2,1,1,0
"Pain Med",2,0,1,1
"Mol Immunol",2,0,2,0
"Leuk Res",1,0,0,1
"Int J Law Psychiatry",2,0,2,0
"Talanta",6,0,2,4
"Front Neuroinform",38,4,27,7
"J Vis Exp",31,2,11,18
"Eur J Health Econ",1,0,0,1
"CJEM",1,0,1,0
"J Int AIDS Soc",7,1,1,5
"Nephrol Ther",2,0,0,2
"Best Pract Res Clin Rheumatol",1,0,0,1
"Consult Pharm",2,0,0,2
"Psychol Res",1,0,0,1
"J Environ Sci Health C Environ Carcinog Ecotoxicol",1,0,0,1
"J Contin Educ Health Prof",2,0,0,2
"Joint Bone Spine",1,0,0,1
"Child Adolesc Psychiatry Ment Health",1,0,0,1
"Am J Disaster Med",3,0,0,3
"Br J Hosp Med (Lond)",2,0,0,2
"Hum Vaccin",3,0,0,3
"Int J Occup Saf Ergon",2,2,0,0
"J Appl Oral Sci",3,0,0,3
"Psychol Health Med",2,0,1,1
"Histol Histopathol",1,0,0,1
"ChemMedChem",2,0,1,1
"Inflamm Bowel Dis",2,0,0,2
"Exp Eye Res",1,0,1,0
"Handb Exp Pharmacol",1,0,0,1
"J Gastrointest Cancer",2,0,0,2
"Blood Cells Mol Dis",2,1,0,1
"AIDS Rev",1,0,0,1
"Korean J Gastroenterol",1,0,0,1
"Comput Med Imaging Graph",1,0,0,1
"Cell Mol Life Sci",1,1,0,0
"ILAR J",3,0,2,1
"Blood Transfus",2,0,0,2
"J Bodyw Mov Ther",1,0,0,1
"Clin Neurol Neurosurg",1,0,0,1
"Interact Cardiovasc Thorac Surg",1,0,0,1
"Q J Exp Psychol (Hove)",1,0,0,1
"Med Arh",3,0,1,2
"Recent Pat Drug Deliv Formul",1,0,0,1
"Acta Pharmacol Sin",3,1,2,0
"Rheumatol Int",1,0,0,1
"Anal Chim Acta",6,1,5,0
"EXS",1,0,0,1
"Rev Neurol",2,0,1,1
"BMC Med Genomics",20,5,12,3
"Child Abuse Negl",1,0,0,1
"Chin Med Sci J",1,0,1,0
"RNA Biol",10,2,5,3
"Clin Biomech (Bristol, Avon)",1,0,0,1
"Solid State Nucl Magn Reson",1,0,1,0
"Assay Drug Dev Technol",4,2,2,0
"Inform Prim Care",4,1,1,2
"Eur Respir J",2,0,1,1
"Curr Pharm Biotechnol",1,0,0,1
"AIDS Behav",1,0,0,1
"ACS Nano",3,0,1,2
"Acta Psychiatr Scand",1,0,1,0
"Arch Immunol Ther Exp (Warsz)",1,0,1,0
"J Neurol",2,0,2,0
"J R Coll Physicians Edinb",1,0,0,1
"Med J Malaysia",3,2,1,0
"Spat Vis",1,0,0,1
"Cogn Process",3,0,0,3
"Plant Cell Environ",2,1,1,0
"Mo Med",1,0,0,1
"J Sleep Res",2,1,0,1
"J Speech Lang Hear Res",1,0,0,1
"Sex Health",1,0,0,1
"Disabil Rehabil Assist Technol",1,0,0,1
"Healthc Inform",2,0,0,2
"Front Biosci (Landmark Ed)",2,1,0,1
"J Nematol",1,0,1,0
"Endoscopy",2,0,0,2
"Health Soc Care Community",1,0,0,1
"Am J Health Promot",2,0,0,2
"ACS Chem Biol",2,0,1,1
"Pigment Cell Melanoma Res",3,0,0,3
"Healthc Policy",3,1,0,2
"J Appl Anim Welf Sci",1,0,0,1
"J Rehabil Res Dev",1,0,1,0
"Drug Alcohol Rev",2,0,0,2
"Evol Bioinform Online",29,4,22,3
"J Nurs Scholarsh",2,1,1,0
"Aesthet Surg J",5,0,1,4
"Cornea",1,0,1,0
"Perspect Public Health",1,0,0,1
"Nano Lett",1,0,0,1
"J Clin Epidemiol",3,0,2,1
"Contemp Clin Trials",4,3,1,0
"Zoo Biol",1,0,0,1
"J Sch Nurs",1,0,0,1
"Appl Immunohistochem Mol Morphol",1,0,0,1
"Conscious Cogn",1,0,0,1
"Arch Neurol",1,0,0,1
"Res Microbiol",2,0,0,2
"Fam Process",4,0,1,3
"Mol Oncol",2,0,2,0
"Stem Cell Res",2,0,1,1
"J Empir Res Hum Res Ethics",5,0,0,5
"Inform Health Soc Care",1,0,0,1
"Ups J Med Sci",1,0,0,1
"Z Evid Fortbild Qual Gesundhwes",4,2,0,2
"Caring",1,0,0,1
"BMC Fam Pract",2,0,1,1
"Eval Program Plann",4,0,1,3
"Mol Cell Biochem",1,0,1,0
"Pediatr Blood Cancer",3,0,0,3
"Br J Dermatol",5,0,1,4
"Curr Opin Organ Transplant",2,0,1,1
"Opt Express",9,0,4,5
"Ecohealth",1,0,1,0
"J Thromb Haemost",2,0,0,2
"Age (Dordr)",2,1,0,1
"Neurosci Res",1,0,0,1
"Clin Hemorheol Microcirc",1,0,0,1
"J Sports Sci",1,0,0,1
"Expert Opin Ther Pat",2,0,2,0
"Maturitas",1,0,0,1
"Wei Sheng Wu Xue Bao",1,0,0,1
"Acc Chem Res",2,0,2,0
"J Comput Neurosci",1,0,1,0
"J Pediatr (Rio J)",1,0,0,1
"Influenza Other Respir Viruses",3,1,0,2
"Pediatr Dent",1,0,0,1
"Pathol Res Pract",1,1,0,0
"Healthc Q",2,0,1,1
"Ying Yong Sheng Tai Xue Bao",1,0,0,1
"J Infect Dis",3,0,0,3
"Dtsch Arztebl Int",5,1,0,4
"Rev Bras Anestesiol",2,0,0,2
"Glob Health Promot",1,0,0,1
"Am J Ind Med",1,0,0,1
"Curr Opin Struct Biol",1,0,0,1
"Korean J Parasitol",1,1,0,0
"Microb Cell Fact",2,0,1,1
"Kaohsiung J Med Sci",1,0,1,0
"Clin Interv Aging",2,0,0,2
"Nurs Health Sci",1,0,1,0
"J Evol Biol",1,1,0,0
"J Fish Dis",5,5,0,0
"Telemed J E Health",6,0,2,4
"Biol Lett",1,0,0,1
"Indian Pediatr",1,0,0,1
"Prostate",1,0,1,0
"Int J Mol Sci",13,2,8,3
"Clin Biochem Rev",1,0,0,1
"Chaos",1,0,0,1
"Auton Autacoid Pharmacol",1,0,0,1
"Syst Synth Biol",4,1,2,1
"Australas Psychiatry",2,0,1,1
"Neoplasma",1,0,0,1
"Pediatr Crit Care Med",3,0,2,1
"Mol Biol Rep",5,3,0,2
"ISME J",4,0,4,0
"Open Med Inform J",7,3,3,1
"Niger Postgrad Med J",1,0,0,1
"Public Health Genomics",4,2,1,1
"Ultrasonics",1,0,0,1
"Exp Gerontol",1,1,0,0
"Community Ment Health J",1,0,1,0
"Cogn Neuropsychiatry",1,0,1,0
"Clin Orthop Relat Res",3,2,0,1
"J Phys Chem B",2,0,0,2
"Int J Bioinform Res Appl",6,3,3,0
"Arch Pharm Res",1,0,0,1
"Ann Transplant",1,0,0,1
"Fortschr Neurol Psychiatr",1,0,1,0
"J Anim Physiol Anim Nutr (Berl)",1,0,1,0
"Int Nurs Rev",3,0,0,3
"Pathophysiology",1,0,0,1
"J Health Adm Educ",1,0,1,0
"Paediatr Child Health",9,0,0,9
"J Agromedicine",3,0,0,3
"Phytother Res",2,0,0,2
"J Chiropr Med",1,0,1,0
"Proc Am Thorac Soc",1,0,0,1
"Ger Med Sci",2,0,0,2
"Cogn Affect Behav Neurosci",1,0,0,1
"Catheter Cardiovasc Interv",1,0,0,1
"Int J Stroke",3,0,0,3
"Biomark Insights",1,0,0,1
"Paediatr Anaesth",2,0,0,2
"J Appl Clin Med Phys",2,0,2,0
"Biomicrofluidics",1,0,0,1
"Zhejiang Da Xue Xue Bao Yi Xue Ban",1,0,0,1
"J Public Health Dent",1,0,0,1
"Hered Cancer Clin Pract",2,1,0,1
"J Genet",1,0,1,0
"Eur J Clin Nutr",6,2,1,3
"Ir J Med Sci",2,0,0,2
"Semin Dial",1,0,0,1
"J Ren Nutr",1,0,0,1
"Heart Rhythm",4,0,1,3
"JEMS",2,0,0,2
"Rev Salud Publica (Bogota)",1,0,0,1
"Curr Osteoporos Rep",1,0,1,0
"Psychiatry (Edgmont)",1,0,0,1
"Biologicals",4,1,0,3
"Klin Onkol",8,0,3,5
"Prilozi",3,0,0,3
"Brain Res Rev",1,0,0,1
"Birth Defects Res B Dev Reprod Toxicol",5,0,0,5
"Planta Med",1,0,0,1
"Int J Dev Biol",3,0,0,3
"J Gastrointest Surg",3,0,2,1
"J Pept Sci",1,0,1,0
"Actas Dermosifiliogr",3,0,0,3
"BMC Cell Biol",2,0,0,2
"Protein J",1,0,1,0
"Immunol Invest",4,1,3,0
"Bioinform Biol Insights",13,3,7,3
"J Ky Med Assoc",1,0,0,1
"Psychon Bull Rev",1,0,0,1
"Learn Behav",1,0,0,1
"HPB (Oxford)",1,0,1,0
"Environ Pollut",2,0,0,2
"Drug Alcohol Depend",1,0,0,1
"Eur J Dermatol",1,0,0,1
"Mol Plant",3,1,0,2
"Rep Carcinog",1,1,0,0
"Neuropsychopharmacology",1,1,0,0
"IEEE Trans Vis Comput Graph",2,1,1,0
"Eur J Pharmacol",1,1,0,0
"Gene Regul Syst Bio",1,0,0,1
"Acta Anaesthesiol Scand",1,0,0,1
"Neurocrit Care",3,0,1,2
"Int Braz J Urol",1,0,0,1
"ASAIO J",1,0,0,1
"J Biol Eng",4,0,3,1
"Int J Pediatr Otorhinolaryngol",1,0,0,1
"Clin Transplant",2,0,0,2
"Clin Gastroenterol Hepatol",2,0,0,2
"J Diabetes Sci Technol",7,1,3,3
"Clin Med",1,0,0,1
"Int J Clin Pract",2,0,0,2
"J Gerontol A Biol Sci Med Sci",3,0,0,3
"J Recept Signal Transduct Res",2,1,1,0
"J Surg Educ",6,0,0,6
"Internist (Berl)",2,0,0,2
"Wound Repair Regen",1,0,0,1
"Ann Acad Med Singapore",1,0,0,1
"Geospat Health",4,2,1,1
"Pa Nurse",4,0,0,4
"Breast",4,0,2,2
"Chirality",1,0,0,1
"Arq Bras Cardiol",3,0,0,3
"Front Syst Neurosci",2,0,1,1
"Circ Cardiovasc Imaging",1,0,0,1
"Psychooncology",1,0,0,1
"Bull Soc Sci Med Grand Duche Luxemb",1,1,0,0
"Artif Intell Med",5,0,3,2
"Front Neurosci",6,1,3,2
"Breast Cancer Res Treat",4,0,4,0
"BMC Public Health",13,0,6,7
"Br J Psychol",1,1,0,0
"PLoS Curr",6,0,5,1
"Glob Health Action",5,1,0,4
"Rev Recent Clin Trials",1,0,0,1
"Educ Health (Abingdon)",1,0,0,1
"Appl Spectrosc",1,0,1,0
"Circ Cardiovasc Interv",4,0,0,4
"Neurol Res",2,1,0,1
"Eur Urol",7,1,1,5
"Hum Genomics",10,2,6,2
"Isr J Psychiatry Relat Sci",1,0,0,1
"Circ Arrhythm Electrophysiol",1,0,0,1
"BMB Rep",7,3,4,0
"Atten Percept Psychophys",1,0,0,1
"Chem Pharm Bull (Tokyo)",2,2,0,0
"Adv Bioinformatics",1,0,1,0
"EMBO Mol Med",1,0,0,1
"Assist Inferm Ric",1,0,0,1
"Int J Comput Biol Drug Des",3,0,3,0
"J Comp Physiol B",1,1,0,0
"Curr Protoc Mol Biol",3,0,3,0
"J Toxicol Environ Health A",1,0,0,1
"Psychol Med",1,0,0,1
"Mitochondrion",7,2,4,1
"J Physiol Pharmacol",1,0,0,1
"Obesity (Silver Spring)",2,1,1,0
"Ann Dermatol Venereol",2,0,0,2
"Arterioscler Thromb Vasc Biol",2,1,0,1
"J Pediatr Nurs",1,0,0,1
"J Toxicol Sci",1,1,0,0
"J Comput Assist Tomogr",1,0,1,0
"FEMS Immunol Med Microbiol",2,1,0,1
"Cancer Lett",1,1,0,0
"J Integr Bioinform",27,5,18,4
"J Natl Compr Canc Netw",1,0,1,0
"Chem Biol",1,0,0,1
"J Cheminform",34,7,27,0
"Genes Genet Syst",1,0,1,0
"Curr Opin Lipidol",1,0,1,0
"Curr Chem Genomics",1,0,0,1
"Folia Histochem Cytobiol",1,0,0,1
"Can Urol Assoc J",2,0,0,2
"Health Promot Int",3,0,1,2
"In Vitro Cell Dev Biol Anim",5,0,0,5
"Biogerontology",2,1,0,1
"Am Fam Physician",1,0,0,1
"Genome Med",20,3,12,5
"Gulf J Oncolog",1,0,0,1
"Horm Res Paediatr",3,1,0,2
"GMS Krankenhhyg Interdiszip",1,0,0,1
"BMC Pharmacol",3,1,2,0
"IEEE Trans Ultrason Ferroelectr Freq Control",2,0,2,0
"Lab Invest",1,1,0,0
"Cancer Treat Res",1,0,0,1
"J Endourol",2,0,0,2
"BMC Pregnancy Childbirth",3,0,2,1
"Int J Soc Psychiatry",1,0,0,1
"Psychoneuroendocrinology",1,0,0,1
"Crit Rev Food Sci Nutr",2,0,1,1
"J Spec Oper Med",13,0,1,12
"Kokuritsu Iyakuhin Shokuhin Eisei Kenkyusho Hokoku",1,1,0,0
"Genome Biol Evol",12,1,9,2
"J Orthop Trauma",1,0,1,0
"Hemodial Int",1,0,1,0
"Mol Cytogenet",2,1,0,1
"J Physiol Sci",1,0,0,1
"Silence",2,0,1,1
"Wien Med Wochenschr",1,0,1,0
"Epidemiol Rev",1,0,0,1
"Ann Surg Oncol",3,0,1,2
"Dig Liver Dis",1,0,1,0
"Appl Radiat Isot",1,0,0,1
"Vet Ital",4,0,0,4
"Expert Rev Cardiovasc Ther",1,0,0,1
"Hum Brain Mapp",4,1,3,0
"Kardiol Pol",1,0,1,0
"Cien Saude Colet",1,1,0,0
"Autom Exp",1,0,1,0
"J Int Neuropsychol Soc",2,1,0,1
"Haematologica",3,0,1,2
"Database (Oxford)",317,252,55,10
"NASN Sch Nurse",4,0,0,4
"Nurs Times",1,0,0,1
"Mol Cancer Ther",2,1,0,1
"J Perinat Neonatal Nurs",1,0,0,1
"J AAPOS",1,0,1,0
"Neuropsychobiology",2,0,0,2
"Forensic Sci Int Genet",5,0,5,0
"J Chin Med Assoc",1,0,0,1
"Dev Comp Immunol",1,0,1,0
"Mar Drugs",1,1,0,0
"Comp Biochem Physiol Part D Genomics Proteomics",2,0,0,2
"J Immigr Minor Health",1,0,0,1
"Chem Biodivers",5,2,1,2
"Rev Esp Geriatr Gerontol",3,0,0,3
"Nurs Crit Care",1,0,0,1
"J Healthc Qual",2,0,0,2
"Sex Dev",1,0,0,1
"J Hist Biol",1,1,0,0
"BMC Vet Res",3,2,0,1
"Adv Cogn Psychol",1,0,0,1
"Syst Parasitol",1,0,1,0
"Plast Surg Nurs",1,0,0,1
"J Cardiovasc Transl Res",1,0,0,1
"Conserv Biol",3,1,1,1
"Am J Med",14,1,0,13
"Curr Protoc Cytom",1,0,1,0
"Angle Orthod",1,1,0,0
"Am Surg",1,1,0,0
"Emerg Med Australas",1,0,1,0
"Anim Health Res Rev",1,0,1,0
"Arch Ital Urol Androl",1,0,0,1
"Cell Div",2,0,2,0
"Br Med Bull",2,0,0,2
"Eur Neurol",2,1,0,1
"J Biomed Semantics",84,28,35,21
"J RNAi Gene Silencing",1,0,1,0
"Clin Oral Investig",2,0,1,1
"Leuk Lymphoma",3,2,0,1
"Interdiscip Sci",5,2,2,1
"Evol Comput",2,0,2,0
"J Voice",1,0,1,0
"Chin Med",1,0,1,0
"J Immunother",1,0,0,1
"Allergy Asthma Clin Immunol",2,0,1,1
"Oper Dent",1,0,1,0
"Int J Data Min Bioinform",10,2,8,0
"BMC Palliat Care",2,1,0,1
"J Membr Biol",1,1,0,0
"Rural Remote Health",7,1,4,2
"Eur J Heart Fail",2,0,1,1
"Holist Nurs Pract",1,0,0,1
"Int Clin Psychopharmacol",1,0,0,1
"Brain Inj",2,1,0,1
"J Neurol Phys Ther",1,0,0,1
"BMC Anesthesiol",3,1,1,1
"Menopause Int",1,0,0,1
"Nurse Educ",2,0,1,1
"Singapore Med J",3,0,1,2
"Popul Dev Rev",1,0,0,1
"J Fish Biol",1,1,0,0
"Med Clin North Am",1,0,0,1
"J Sci Food Agric",1,1,0,0
"Clin Endocrinol (Oxf)",2,0,0,2
"Mitochondrial DNA",1,0,1,0
"J Interprof Care",1,0,0,1
"Int J Pediatr Obes",1,0,0,1
"Actas Urol Esp",1,0,0,1
"J Pathol Inform",8,0,2,6
"J Nucl Med Technol",2,1,1,0
"Behav Res Ther",1,0,1,0
"J Epidemiol",1,0,0,1
"Obes Facts",3,0,1,2
"Expert Rev Clin Immunol",1,0,0,1
"Nurse Educ Pract",1,0,1,0
"Bone",2,0,1,1
"Int J Speech Lang Pathol",4,0,1,3
"Knee",2,0,2,0
"Transfus Med Rev",4,1,0,3
"Am J Health Syst Pharm",2,1,1,0
"Cell Tissue Bank",3,1,0,2
"J Consult Clin Psychol",1,0,0,1
"Indian J Urol",1,1,0,0
"Am J Transplant",6,0,1,5
"J Vis",3,0,2,1
"Am Nat",1,0,1,0
"Wiley Interdiscip Rev Syst Biol Med",1,0,1,0
"High Alt Med Biol",1,0,0,1
"Psychiatry Clin Neurosci",1,0,0,1
"J Diabetes",1,0,0,1
"Nanotoxicology",2,1,0,1
"Med Health Care Philos",1,0,0,1
"World Neurosurg",1,0,0,1
"J Biomed Biotechnol",1,0,1,0
"Cogn Neuropsychol",3,1,2,0
"Breastfeed Med",2,0,1,1
"Toxicol Ind Health",1,0,0,1
"Int Dent J",1,0,0,1
"Br J Haematol",2,0,0,2
"Trials",16,0,3,13
"Pharm Res",2,0,1,1
"Neurourol Urodyn",3,0,1,2
"Scand J Urol Nephrol",1,1,0,0
"Cell Mol Immunol",1,0,0,1
"Genes Nutr",3,0,0,3
"Ophthalmic Physiol Opt",2,0,1,1
"Aging Ment Health",1,0,0,1
"Technol Cancer Res Treat",1,0,1,0
"Cardiovasc Ultrasound",2,0,1,1
"J Insect Physiol",1,1,0,0
"Molecules",2,0,0,2
"Aliment Pharmacol Ther",6,0,5,1
"J Thorac Cardiovasc Surg",1,0,1,0
"Curr Psychiatry Rep",1,0,0,1
"Oncol Rep",1,0,0,1
"Methods Cell Biol",2,0,2,0
"Res Social Adm Pharm",2,0,0,2
"Arch Gynecol Obstet",2,0,0,2
"Hypertens Res",1,1,0,0
"Cancer Radiother",1,0,0,1
"Nat Struct Mol Biol",2,0,1,1
"Asian Pac J Cancer Prev",2,0,1,1
"Clin Teach",1,0,1,0
"Proteomics Clin Appl",6,2,1,3
"Cesk Slov Oftalmol",1,0,0,1
"Brain Dev",1,0,0,1
"Exp Appl Acarol",2,2,0,0
"AIDS Res Ther",1,0,0,1
"Int J Circumpolar Health",3,0,0,3
"Pathologica",1,0,0,1
"Zhonghua Fu Chan Ke Za Zhi",3,0,0,3
"Cell",4,0,1,3
"Epidemiol Health",5,1,0,4
"Saline Systems",2,2,0,0
"Protein Cell",5,1,3,1
"Semin Neurol",3,0,0,3
"BMJ Qual Saf",2,0,0,2
"J Korean Med Sci",3,0,2,1
"J Physiol",1,0,1,0
"J Occup Med Toxicol",1,0,0,1
"Curr Clin Pharmacol",1,0,0,1
"Proc (Bayl Univ Med Cent)",1,0,0,1
"Sci China Life Sci",4,0,2,2
"Biomed Opt Express",2,0,2,0
"Integr Biol (Camb)",4,0,3,1
"J Ment Health",1,0,1,0
"Midwifery",1,0,0,1
"Hernia",3,0,3,0
"Eval Health Prof",1,0,0,1
"Arch Bronconeumol",1,0,0,1
"Prof Case Manag",1,0,1,0
"Stand Genomic Sci",7,0,3,4
"Eur J Pediatr",2,1,0,1
"Med Educ Online",1,0,0,1
"Z Orthop Unfall",3,0,1,2
"Microb Drug Resist",1,1,0,0
"Matern Child Nutr",2,0,1,1
"Int J Evid Based Healthc",1,0,0,1
"NeuroRehabilitation",2,0,0,2
"Future Child",1,0,0,1
"Open Microbiol J",1,0,1,0
"Med Intensiva",1,0,0,1
"Summit on Translat Bioinforma",5,1,2,2
"AMIA Jt Summits Transl Sci Proc",5,2,2,1
"Early Interv Psychiatry",1,0,0,1
"Dent Mater",5,0,0,5
"J Hepatol",1,0,1,0
"Vet Clin Pathol",1,0,1,0
"Anaesth Intensive Care",3,0,0,3
"BMC Endocr Disord",1,0,0,1
"Rev Bras Reumatol",1,0,0,1
"J Sep Sci",1,0,1,0
"J Cardiothorac Vasc Anesth",1,1,0,0
"Plant Sci",1,1,0,0
"Phys Chem Chem Phys",2,1,1,0
"Mol Ecol Resour",56,2,46,8
"J Glaucoma",2,1,0,1
"J Neural Eng",2,0,2,0
"Investig Genet",4,1,0,3
"Psychiatr Pol",1,0,0,1
"Arthritis Care Res (Hoboken)",2,0,0,2
"Cortex",3,0,2,1
"Eur J Orthod",3,0,1,2
"Gut",2,0,0,2
"Hum Fertil (Camb)",1,0,0,1
"BMC Pediatr",4,0,3,1
"Phlebology",1,0,0,1
"MEDICC Rev",4,0,0,4
"Biol Psychiatry",3,1,0,2
"Respir Care",1,0,0,1
"J Anal Toxicol",1,0,0,1
"Int J Lab Hematol",2,0,1,1
"Surgeon",3,0,0,3
"Best Pract Res Clin Anaesthesiol",1,0,0,1
"Microsc Microanal",2,0,2,0
"Integr Comp Biol",3,2,0,1
"Biochem Mol Biol Educ",5,0,5,0
"Annu Rev Biomed Eng",1,0,1,0
"Psychol Assess",2,0,2,0
"Alzheimers Dement",1,0,0,1
"Case Rep Neurol",1,0,0,1
"Med Humanit",1,0,0,1
"Zookeys",31,14,4,13
"Adv Virus Res",1,0,0,1
"Australas J Dermatol",1,0,1,0
"World J Stem Cells",1,0,0,1
"Acute Med",1,0,0,1
"Fish Physiol Biochem",1,0,1,0
"Biomed Imaging Interv J",2,0,2,0
"Yonsei Med J",5,0,1,4
"Prof Inferm",1,1,0,0
"An Acad Bras Cienc",2,0,1,1
"Int J Comput Assist Radiol Surg",3,0,3,0
"J Med Eng Technol",1,0,1,0
"Genet Mol Biol",2,2,0,0
"Inorg Chem",2,0,1,1
"Psychotherapy (Chic)",2,0,0,2
"ACS Comb Sci",1,1,0,0
"Front Physiol",7,0,7,0
"Stem Cell Rev",1,0,0,1
"Channels (Austin)",1,0,0,1
"Am J Clin Oncol",1,0,0,1
"Open Med",3,0,0,3
"IARC Sci Publ",1,0,0,1
"Clin Linguist Phon",1,0,0,1
"Indian J Biochem Biophys",1,1,0,0
"J Crohns Colitis",2,2,0,0
"Dev Psychobiol",1,0,0,1
"J Phys Condens Matter",5,0,2,3
"J Health Commun",2,0,0,2
"HIM J",1,0,0,1
"Front Psychol",5,1,3,1
"Burns",3,0,0,3
"J Exp Psychol Hum Percept Perform",2,0,0,2
"BMJ Case Rep",3,0,0,3
"Health Care Manag Sci",1,1,0,0
"J Econ Entomol",2,0,1,1
"Biotechnol Adv",3,1,0,2
"Exp Parasitol",2,1,0,1
"Bioanalysis",2,0,0,2
"Anaesthesia",2,1,0,1
"J Hum Reprod Sci",2,0,0,2
"J Cutan Med Surg",1,0,0,1
"Gastroenterol Hepatol",2,0,0,2
"Fibrogenesis Tissue Repair",2,0,0,2
"J Pediatr Rehabil Med",2,0,0,2
"J Healthc Risk Manag",1,0,0,1
"J Ultrasound Med",1,0,1,0
"Mar Genomics",3,1,1,1
"Brain Res",1,0,0,1
"Br J Psychiatry",1,1,0,0
"Eur J Radiol",1,0,1,0
"Zhonghua Nan Ke Xue",2,0,1,1
"Trop Doct",1,0,0,1
"J Physiother",1,0,1,0
"GM Crops",1,0,0,1
"Am J Bot",3,2,0,1
"J Prosthodont",1,0,0,1
"Clin Transl Sci",5,0,4,1
"J Clin Bioinforma",11,3,5,3
"J Am Acad Psychiatry Law",1,0,0,1
"Dev Neurobiol",2,0,2,0
"Adv Appl Bioinform Chem",4,0,4,0
"Prog Neurobiol",1,1,0,0
"W V Med J",2,0,0,2
"Orthop Nurs",2,0,1,1
"Eur Arch Otorhinolaryngol",3,1,1,1
"Evodevo",2,0,0,2
"Pediatr Allergy Immunol",1,0,0,1
"Clin Dysmorphol",1,0,1,0
"Front Neural Circuits",2,0,2,0
"BMC Health Serv Res",5,0,2,3
"Clin Invest Med",4,0,0,4
"Clin Cardiol",1,0,0,1
"J Pharm Pharmacol",1,0,1,0
"Mol Imaging Biol",1,1,0,0
"J Neurointerv Surg",1,0,0,1
"J Exp Clin Assist Reprod",1,0,1,0
"Dement Geriatr Cogn Disord",2,1,0,1
"Bioeng Bugs",2,0,1,1
"Popul Stud (Camb)",2,0,0,2
"Ren Fail",1,0,1,0
"Perspect Health Inf Manag",1,0,0,1
"Int J Risk Saf Med",1,0,0,1
"BMJ Open",18,1,4,13
"Curr Gene Ther",1,1,0,0
"Mol Neurodegener",1,0,0,1
"Stem Cells Dev",1,0,1,0
"Int J Parasitol",3,1,0,2
"Intern Med",1,1,0,0
"J Oncol Pract",2,0,0,2
"Soc Sci Med",2,0,0,2
"Meat Sci",1,0,0,1
"Front Microbiol",9,3,2,4
"J Miss State Med Assoc",4,0,0,4
"J Psychiatr Ment Health Nurs",1,0,0,1
"Cytokine",1,1,0,0
"Epidemics",1,0,1,0
"Antioxid Redox Signal",1,0,1,0
"Semin Thromb Hemost",1,0,0,1
"Eur J Gen Pract",2,1,0,1
"BMC Ophthalmol",1,0,0,1
"Am J Physiol Renal Physiol",3,1,1,1
"Semin Nucl Med",2,0,0,2
"Adv Neonatal Care",2,0,0,2
"BMC Med",8,0,0,8
"J Fluency Disord",1,0,1,0
"Epilepsy Behav",3,0,0,3
"J Safety Res",1,0,0,1
"Virol Sin",1,0,1,0
"Sensors (Basel)",8,0,4,4
"Eur J Pharm Sci",2,0,0,2
"Front Neuroanat",3,0,1,2
"Psychiatriki",1,0,0,1
"Am J Drug Alcohol Abuse",2,0,0,2
"Chem Cent J",2,0,2,0
"J Vis Commun Med",2,1,1,0
"Alzheimers Res Ther",1,0,0,1
"Philos Ethics Humanit Med",1,0,0,1
"Int J Med Sci",1,1,0,0
"Aesthetic Plast Surg",2,0,0,2
"Int J Audiol",1,0,0,1
"Ecancermedicalscience",7,0,2,5
"Endocr Relat Cancer",1,0,1,0
"Oncotarget",1,0,0,1
"J Laryngol Otol",1,0,0,1
"Zhongguo Dang Dai Er Ke Za Zhi",1,0,0,1
"Histopathology",1,0,1,0
"BMC Ear Nose Throat Disord",1,0,0,1
"J Nerv Ment Dis",1,0,0,1
"Eur J Appl Physiol",1,0,0,1
"Arabidopsis Book",2,0,0,2
"Front Genet",23,7,16,0
"J Ethnopharmacol",4,1,0,3
"Work",1,0,0,1
"Int J Antimicrob Agents",1,0,1,0
"Curr Opin Obstet Gynecol",1,0,0,1
"JBR-BTR",1,1,0,0
"Clin Res Hepatol Gastroenterol",1,1,0,0
"J Am Coll Surg",1,0,1,0
"J Neurosci Res",1,1,0,0
"Rev Environ Contam Toxicol",1,0,0,1
"Pan Afr Med J",1,0,0,1
"Vet Radiol Ultrasound",1,0,1,0
"Cytojournal",1,0,0,1
"J Clin Psychopharmacol",1,1,0,0
"Am J Hum Biol",1,1,0,0
"Dan Med J",2,0,0,2
"Am J Respir Cell Mol Biol",1,1,0,0
"G3 (Bethesda)",19,3,9,7
"Arch Med Sadowej Kryminol",1,1,0,0
"BMC Neurol",3,1,0,2
"Neurol Sci",1,0,1,0
"J Nanosci Nanotechnol",1,0,0,1
"Tunis Med",1,1,0,0
"J Food Sci",1,0,0,1
"J Infect Dev Ctries",2,1,0,1
"Sci Rep",27,8,15,4
"Animal",2,0,0,2
"Ochsner J",1,0,1,0
"Cell Transplant",2,0,0,2
"State Legis",1,0,0,1
"Int J Geriatr Psychiatry",1,0,1,0
"Rhinology",1,0,0,1
"J Radiol Case Rep",5,0,3,2
"J Opioid Manag",1,0,1,0
"Front Zool",1,0,1,0
"J Integr Plant Biol",1,1,0,0
"Drug Discov Ther",14,0,0,14
"Cell Rep",5,3,1,1
"Rev Port Cardiol",1,0,1,0
"Anim Sci J",1,0,1,0
"Chromosoma",1,1,0,0
"Circ Heart Fail",2,0,1,1
"MAbs",2,0,0,2
"Behav Anal",1,0,0,1
"Rejuvenation Res",4,4,0,0
"Int J Gynecol Cancer",2,0,1,1
"Immunol Res",1,0,1,0
"Med Oral Patol Oral Cir Bucal",1,0,0,1
"Subst Abuse Treat Prev Policy",1,0,0,1
"ACS Synth Biol",8,1,7,0
"Brain Connect",3,1,2,0
"BMC Biophys",1,0,1,0
"J Hum Lact",1,0,1,0
"Microb Inform Exp",2,0,2,0
"Cancer Discov",1,1,0,0
"Artif Organs",1,0,0,1
"NCHS Data Brief",1,0,0,1
"Front Plant Sci",15,9,4,2
"PhytoKeys",7,7,0,0
"Acta Naturae",1,1,0,0
"Front Biosci (Elite Ed)",1,0,0,1
"Fungal Biol",1,0,0,1
"Int J Cardiol",4,0,0,4
"BMC Gastroenterol",1,0,1,0
"Autism Res",1,0,1,0
"Microb Biotechnol",1,0,0,1
"J Am Med Dir Assoc",1,0,0,1
"Front Pharmacol",2,1,0,1
"J Pharmacol Exp Ther",1,0,1,0
"Diving Hyperb Med",5,0,1,4
"J Orthop Sci",1,0,0,1
"Growth Horm IGF Res",1,1,0,0
"Bioengineered",2,0,2,0
"Bull Group Int Rech Sci Stomatol Odontol",1,0,0,1
"Int J Radiat Biol",1,0,0,1
"Parasit Vectors",4,1,3,0
"Int Wound J",2,0,1,1
"Drug Metabol Drug Interact",1,0,0,1
"Clinicoecon Outcomes Res",1,0,0,1
"Placenta",2,0,0,2
"Ann Allergy Asthma Immunol",1,0,0,1
"Clin Podiatr Med Surg",1,0,0,1
"Bioorg Med Chem Lett",1,0,1,0
"Tex Heart Inst J",1,0,0,1
"Ticks Tick Borne Dis",2,0,1,1
"Med Oncol",3,2,0,1
"Ann Ig",3,0,0,3
"Environ Health",2,0,2,0
"BMC Musculoskelet Disord",3,0,0,3
"Surgery",3,0,0,3
"Orphanet J Rare Dis",3,1,1,1
"ACS Chem Neurosci",3,0,0,3
"Toxicol Int",1,0,1,0
"Toxins (Basel)",2,2,0,0
"Med Chem",1,0,1,0
"Front Comput Neurosci",3,0,0,3
"Sportverletz Sportschaden",1,0,0,1
"Circ Cardiovasc Qual Outcomes",2,0,0,2
"J Neuroradiol",1,0,1,0
"Clin J Am Soc Nephrol",2,0,0,2
"J Breast Cancer",1,0,1,0
"Nanoscale",1,0,1,0
"Biochemistry (Mosc)",2,1,1,0
"J Pediatr",1,0,1,0
"Ther Deliv",2,0,0,2
"Bioprocess Biosyst Eng",2,1,1,0
"J Obstet Gynaecol India",1,0,0,1
"J Biol Rhythms",1,0,0,1
"Child Obes",1,0,0,1
"Gastrointest Cancer Res",2,0,0,2
"Subst Abuse",2,0,2,0
"Skin Res Technol",3,0,2,1
"Eur J Psychotraumatol",1,0,1,0
"Physiotherapy",1,0,1,0
"Horm Metab Res",1,0,0,1
"JRSM Short Rep",1,0,0,1
"Clin Ther",1,0,0,1
"J Parasitol",1,0,1,0
"J Spinal Cord Med",1,0,0,1
"Pediatr Diabetes",1,0,0,1
"Arzneimittelforschung",2,0,0,2
"Curr Drug Targets",2,1,0,1
"J Womens Health (Larchmt)",1,0,1,0
"BMC Pharmacol Toxicol",1,0,1,0
"Evol Psychol",1,0,0,1
"MBio",5,2,0,3
"Saf Health Work",1,0,0,1
"Orthopedics",1,0,1,0
"Arch Public Health",1,0,0,1
"Curr Top Microbiol Immunol",1,0,0,1
"Klin Lab Diagn",1,1,0,0
"J Aging Health",1,0,1,0
"Network",1,0,1,0
"Surv Ophthalmol",1,0,0,1
"Eur J Clin Pharmacol",1,0,0,1
"Drugs Aging",1,0,0,1
"J Natl Cancer Inst",2,0,1,1
"Nucl Med Commun",2,0,0,2
"Biol Mood Anxiety Disord",1,0,0,1
"Int J Numer Method Biomed Eng",1,0,1,0
"J Lab Autom",2,0,2,0
"Int J STD AIDS",1,0,0,1
"Einstein (Sao Paulo)",1,0,0,1
"Epidemiol Psychiatr Sci",1,0,1,0
"Arch Toxicol",5,0,0,5
"Genet Test Mol Biomarkers",1,0,1,0
"Ont Health Technol Assess Ser",11,0,2,9
"Cyberpsychol Behav Soc Netw",5,0,5,0
"J Immunotoxicol",1,0,0,1
"Clin Genitourin Cancer",1,0,0,1
"Physiother Theory Pract",2,0,0,2
"J Complement Integr Med",1,0,1,0
"Int J Cosmet Sci",1,0,0,1
"Iran J Public Health",1,0,0,1
"Australas Med J",1,1,0,0
"Eur J Med Chem",2,0,2,0
"Mob DNA",2,0,1,1
"Transcription",1,0,0,1
"Am J Nucl Med Mol Imaging",1,0,1,0
"Vet Pathol",2,0,0,2
"Breed Sci",3,1,0,2
"Scott Med J",1,0,1,0
"Iperception",1,0,1,0
"Am J Perinatol",1,0,0,1
"Cancer Genomics Proteomics",1,0,0,1
"Dermatitis",1,1,0,0
"J Public Health Policy",1,0,0,1
"PM R",1,0,0,1
"Arq Neuropsiquiatr",1,0,0,1
"Phys Med",1,0,0,1
"Int Rev Neurobiol",1,0,0,1
"Am J Orthod Dentofacial Orthop",1,0,1,0
"Transpl Int",1,0,0,1
"Ann Med Health Sci Res",3,0,0,3
"J Biomed Opt",2,0,2,0
"J Clin Psychol Med Settings",2,0,0,2
"Curr Cardiol Rev",1,0,0,1
"Plant Cell Rep",1,1,0,0
"Clin Rheumatol",1,0,0,1
"Can Geriatr J",2,0,0,2
"Hum Reprod Update",2,0,0,2
"Aust N Z J Psychiatry",1,0,0,1
"Implement Sci",5,1,2,2
"Syst Rev",2,0,0,2
"J Hepatobiliary Pancreat Sci",4,0,4,0
"J Bone Miner Res",2,1,0,1
"J Am Heart Assoc",4,0,0,4
"Nutr Metab (Lond)",6,0,0,6
"J Clin Neurol",1,1,0,0
"J Nat Prod",1,1,0,0
"J Psychiatr Pract",1,0,0,1
"Healthc Inform Res",5,0,3,2
"Mol Imaging",2,0,2,0
"Cilia",1,0,0,1
"Brain Topogr",1,0,1,0
"Radiat Oncol",3,0,0,3
"J Clin Sleep Med",1,0,0,1
"Dis Esophagus",1,0,0,1
"Sleep Breath",1,0,0,1
"J Health Serv Res Policy",1,0,0,1
"Chimia (Aarau)",3,0,0,3
"Arch Oral Biol",1,0,0,1
"Reprod Domest Anim",2,0,0,2
"Can J Exp Psychol",1,0,0,1
"Global Health",1,0,0,1
"Shock",2,0,1,1
"Gastroenterology",1,1,0,0
"World Health Organ Tech Rep Ser",4,0,0,4
"Przegl Lek",2,0,0,2
"JIMD Rep",2,2,0,0
"Front Hum Neurosci",2,1,1,0
"Rev Psiquiatr Salud Ment",1,0,0,1
"J Neural Transm",1,0,0,1
"GMS Z Med Ausbild",3,0,1,2
"Evid Based Med",1,0,1,0
"Acta Biotheor",2,0,1,1
"Medsurg Nurs",1,0,0,1
"Br J Neurosurg",1,0,1,0
"Small GTPases",1,0,0,1
"Adicciones",1,0,0,1
"J Undergrad Neurosci Educ",5,0,4,1
"Cell Commun Signal",1,0,0,1
"Mol Aspects Med",2,0,0,2
"Int J Biometeorol",1,1,0,0
"Environ Health Insights",2,0,0,2
"Aging (Albany NY)",1,0,1,0
"J Postgrad Med",2,0,0,2
"Arch Psychiatr Nurs",1,0,0,1
"Food Microbiol",2,1,1,0
"J Hum Evol",1,0,0,1
"Head Neck",1,0,0,1
"J Biomed Res",1,0,1,0
"Int J Dermatol",2,0,0,2
"J Biomed Mater Res B Appl Biomater",1,0,0,1
"Fam Syst Health",1,0,0,1
"J Int Med Res",1,0,0,1
"Complement Ther Med",1,0,0,1
"Alcohol Res Health",1,0,0,1
"Gigascience",4,0,4,0
"West J Emerg Med",1,0,0,1
"Physiol Plant",1,1,0,0
"Liver Int",2,2,0,0
"Food Chem",2,2,0,0
"Mycotoxin Res",1,0,0,1
"Gen Thorac Cardiovasc Surg",2,0,0,2
"J Am Aging Assoc",1,1,0,0
"Interact J Med Res",1,0,1,0
"Appl Clin Inform",1,0,1,0
"Biotechnol Biofuels",1,0,0,1
"Europace",1,0,0,1
"Evid Based Spine Care J",1,0,0,1
"PeerJ",26,3,19,4
"FEBS Open Bio",1,1,0,0
"Int J Neuropsychopharmacol",1,0,1,0
"Infect Control Hosp Epidemiol",3,0,1,2
"Microbiol Educ",2,0,1,1
"J Investig Allergol Clin Immunol",1,0,1,0
"J Public Health (Oxf)",1,0,1,0
"Springerplus",7,1,4,2
"Front Integr Neurosci",1,1,0,0
"Bioimpacts",1,1,0,0
"ED Manag",1,0,1,0
"Curr Comput Aided Drug Des",1,0,1,0
"Arch Physiol Biochem",1,0,0,1
"J Clin Nurs",3,0,1,2
"COPD",1,0,0,1
"Hamostaseologie",1,0,0,1
"Biol Sex Differ",2,1,0,1
"Annu Rev Phytopathol",1,0,0,1
"J Grad Med Educ",1,0,0,1
"J Commun Disord",1,0,0,1
"Carcinogenesis",1,1,0,0
"Acta Cir Bras",1,0,0,1
"Psychiatr Rehabil J",2,0,0,2
"Int J Colorectal Dis",1,1,0,0
"HEC Forum",2,0,0,2
"Environ Microbiol Rep",1,1,0,0
"J Am Acad Dermatol",1,0,0,1
"Ann Diagn Pathol",1,0,1,0
"J Neurosurg Anesthesiol",1,0,0,1
"J Res Med Sci",1,1,0,0
"Adv Chronic Kidney Dis",1,0,0,1
"J Appl Res Intellect Disabil",2,1,0,1
"J Neurotrauma",1,0,1,0
"Mol Cancer Res",1,0,0,1
"Int J Gynaecol Obstet",1,0,0,1
"Blood Res",1,0,0,1
"Aging Cell",1,1,0,0
"Mol Neurobiol",1,0,0,1
"Clin Schizophr Relat Psychoses",1,0,0,1
"Cancer Nurs",1,0,0,1
"Int J Aging Hum Dev",1,0,0,1
"J Air Waste Manag Assoc",1,0,0,1
"Front Oncol",3,0,2,1
"Int J Public Health",1,0,1,0
"Trauma Violence Abuse",1,0,0,1
"Cancer Immun",1,1,0,0
"Neonatology",1,0,1,0
"Curr Top Med Chem",3,0,3,0
"J Assist Reprod Genet",1,0,0,1
"Am J Hematol",1,1,0,0
"J Sex Res",1,0,0,1
"Hepat Mon",1,0,1,0
"Occup Ther Health Care",3,0,1,2
"Int J Qual Stud Health Well-being",1,0,1,0
"J Nutr Health Aging",1,0,0,1
"Palliat Support Care",1,0,1,0
"Ann Plast Surg",2,0,1,1
"Acta Diabetol",1,0,0,1
"NTP Monogr",3,0,0,3
"Front Psychiatry",2,0,1,1
"J Crit Care",1,0,0,1
"Med Ultrason",1,0,0,1
"Mol Cancer",1,0,0,1
"Neuroendocrinology",1,0,0,1
"Appl Nurs Res",1,1,0,0
"Neurosci Biobehav Rev",1,0,0,1
"Exp Brain Res",1,0,0,1
"Int J Nurs Educ Scholarsh",2,0,0,2
"Health Res Policy Syst",1,0,0,1
"J Extracell Vesicles",1,1,0,0
"Nat Med",1,0,0,1
"Clin Oral Implants Res",1,0,0,1
"Faraday Discuss",2,0,1,1
"J Appl Toxicol",1,0,1,0
"Lymphat Res Biol",1,0,0,1
"Logoped Phoniatr Vocol",1,0,1,0
"Riv Psichiatr",3,2,0,1
"J Occup Rehabil",1,0,0,1
"Biomed Eng Online",1,0,1,0
"Neuroradiol J",2,0,0,2
"Can J Diabetes",1,0,1,0
"J Orthop Traumatol",1,1,0,0
"Appl Ergon",1,1,0,0
"J Clin Diagn Res",3,0,0,3
"Harm Reduct J",1,0,0,1
"Soc Sci Res",1,0,0,1
"Lung Cancer",1,0,0,1
"Int J Nanomedicine",3,0,3,0
"Perspect Med Educ",1,0,0,1
"Indian J Pharmacol",1,1,0,0
"Indian J Orthop",1,1,0,0
"J Affect Disord",1,0,1,0
"Hosp Pract (1995)",1,0,0,1
"J Sports Sci Med",3,0,0,3
"Osong Public Health Res Perspect",1,0,0,1
"Curr Opin Immunol",1,0,0,1
"Pak J Biol Sci",1,0,0,1
"J Clin Gastroenterol",1,0,0,1
"Tijdschr Psychiatr",1,0,0,1
"Pharm Pract (Granada)",2,0,0,2
"Emerg Radiol",1,0,0,1
"Circ Cardiovasc Genet",1,0,1,0
"BMC Hematol",1,0,0,1
"Endocr Pract",1,0,1,0
"Environ Sci Process Impacts",1,0,0,1
"Ann Clin Lab Sci",1,0,0,1
"Adv Skin Wound Care",3,0,0,3
"Occup Health Saf",1,0,0,1
"Eur J Microbiol Immunol (Bp)",1,0,0,1
"Rice (N Y)",2,1,0,1
"Diabetes Metab Syndr",1,0,1,0
"Front Immunol",1,0,1,0
"Ann Am Thorac Soc",2,0,0,2
"Aust Occup Ther J",1,0,0,1
"Dimens Crit Care Nurs",1,0,0,1
"Eur J Clin Microbiol Infect Dis",1,1,0,0
"Indian J Hum Genet",1,1,0,0
"Indian J Dent Res",1,0,0,1
"Handchir Mikrochir Plast Chir",1,0,0,1
"F1000Res",32,1,28,3
"Rehabilitation (Stuttg)",1,0,0,1
"JMIR Res Protoc",8,3,5,0
"J Wound Ostomy Continence Nurs",1,0,1,0
"J Environ Sci Health B",1,0,0,1
"Eur J Cardiovasc Nurs",1,0,0,1
"Contemp Clin Dent",1,0,1,0
"GMS Curr Top Otorhinolaryngol Head Neck Surg",1,0,0,1
"Appetite",1,1,0,0
"J Med Toxicol",2,2,0,0
"Glob Adv Health Med",1,0,0,1
"Acta Crystallogr A Found Adv",1,0,0,1
"Hosp Pharm",1,0,0,1
"Bonekey Rep",1,0,0,1
"Interface Focus",2,0,1,1
"Nursing",1,0,0,1
"Dev Growth Differ",1,1,0,0
"Microbiome",2,0,2,0
"Am Soc Clin Oncol Educ Book",3,0,0,3
"Int J MS Care",1,0,0,1
"J Clin Exp Dent",2,0,1,1
"Traffic Inj Prev",1,1,0,0
"Arch Gerontol Geriatr",1,0,0,1
"Thromb Res",4,0,0,4
"IAVI Rep",1,0,0,1
"Hum Mov Sci",1,1,0,0
"Cell Death Dis",1,0,1,0
"Curr Opin Chem Biol",1,0,0,1
"Scand J Trauma Resusc Emerg Med",1,1,0,0
"J Enzyme Inhib Med Chem",1,0,0,1
"Part Fibre Toxicol",1,0,0,1
"Vet Rec",1,1,0,0
"J Cancer Surviv",1,1,0,0
"Appl Physiol Nutr Metab",1,0,1,0
"J Trauma Acute Care Surg",1,0,0,1
"BMC Geriatr",1,0,0,1
"Plant Signal Behav",1,0,0,1
"Acta Sci Pol Technol Aliment",1,1,0,0
"Elife",2,1,0,1
"Am J Med Genet C Semin Med Genet",1,0,1,0
"CPT Pharmacometrics Syst Pharmacol",1,0,1,0
"Psychol Psychother",1,0,0,1
"Iran J Psychiatry Behav Sci",2,0,0,2
"Cardiovasc Diabetol",1,0,0,1
"J Alzheimers Dis",1,0,1,0
"Cancer Chemother Pharmacol",1,1,0,0
"J Am Acad Orthop Surg",1,1,0,0
"J Orthod",2,0,0,2
"World Allergy Organ J",1,0,0,1
"Inf Process Med Imaging",1,0,1,0
"Basic Clin Pharmacol Toxicol",1,0,1,0
"Pediatr Obes",2,0,0,2
"Hosp Case Manag",1,0,0,1
"Therapie",1,1,0,0
"Zootaxa",6,3,2,1
"Genes (Basel)",1,1,0,0
"World J Urol",1,0,0,1
"Am J Mens Health",2,0,0,2
"Br J Radiol",1,0,0,1
"Neuro Oncol",1,0,0,1
"Biodivers Data J",5,2,1,2
"Int J Radiat Oncol Biol Phys",2,0,0,2
"Trends Endocrinol Metab",1,0,1,0
"Allergy",2,1,1,0
"J Math Neurosci",1,0,1,0
"Biomed Res Int",2,1,1,0
"AJNR Am J Neuroradiol",1,0,0,1
"Genes Cells",2,0,2,0
"Respir Res",1,0,1,0
"Food Addit Contam Part B Surveill",1,0,0,1
"Arthritis Rheumatol",1,0,1,0
"Pflege Z",1,0,0,1
"Pneumologia",2,1,0,1
"IEEE Comput Graph Appl",1,0,1,0
"Clin Vaccine Immunol",1,0,0,1
"Can J Aging",1,0,1,0
"Curr Genomics",1,0,1,0
"Biology (Basel)",1,0,1,0
"Behav Cogn Psychother",1,0,0,1
"Ann Otol Rhinol Laryngol",1,0,0,1
"Biopreserv Biobank",7,0,2,5
"Pediatr Int",1,1,0,0
"Diabetes Metab J",1,0,0,1
"Undersea Hyperb Med",1,1,0,0
"Caries Res",1,0,1,0
"J Health Care Poor Underserved",1,0,1,0
"J Gen Appl Microbiol",1,0,1,0
"Amyotroph Lateral Scler Frontotemporal Degener",1,0,1,0
"Br J Gen Pract",1,0,1,0
"J Med Phys",1,0,0,1
"JAMA Intern Med",2,0,0,2
"J Travel Med",2,0,0,2
"Rev Bras Cir Cardiovasc",1,0,0,1
"R I Med J (2013)",4,0,0,4
"J Clin Neurosci",1,0,0,1
"Healthc Pap",1,0,0,1
"Pharm Biol",1,1,0,0
"J Obstet Gynaecol Can",1,1,0,0
"Prog Biophys Mol Biol",1,0,0,1
"ACS Med Chem Lett",1,0,1,0
"Mol Genet Genomic Med",2,0,0,2
"J Neurogastroenterol Motil",1,0,0,1
"Endosc Ultrasound",1,0,0,1
"Res Dev Disabil",4,0,0,4
"J Acad Nutr Diet",2,0,1,1
"J Behav Ther Exp Psychiatry",1,0,1,0
"Drug Discov Today Technol",2,0,1,1
"Perspect Clin Res",2,0,0,2
"J Bronchology Interv Pulmonol",1,0,0,1
"Pract Midwife",1,0,0,1
"J Genomics",1,1,0,0
"J Adv Pract Oncol",1,0,0,1
"Tumour Biol",1,0,1,0
"Adv Pediatr",2,0,0,2
"Asian J Psychiatr",1,0,1,0
"Asian-Australas J Anim Sci",3,2,0,1
"J Telemed Telecare",1,0,0,1
"BMC Cardiovasc Disord",1,0,1,0
"J Contam Hydrol",1,0,1,0
"Evol Appl",1,0,1,0
"Avicenna J Phytomed",1,0,1,0
"Ann Hematol",1,0,0,1
"J Am Coll Dent",2,0,0,2
"IMA Fungus",3,1,0,2
"JMIR Mhealth Uhealth",2,0,1,1
"Blood Rev",1,0,0,1
"Eur J Haematol",1,0,0,1
"Can J Plast Surg",1,0,0,1
"Endocrine",1,0,0,1
"Am J Public Health",1,0,1,0
"Med Klin Intensivmed Notfmed",1,0,0,1
"Front Bioeng Biotechnol",6,1,4,1
"Acta Inform Med",1,0,1,0
"Blood Purif",4,0,1,3
"J Neurooncol",1,0,0,1
"Ann Parasitol",1,1,0,0
"J Public Health Res",1,1,0,0
"Ann Clin Microbiol Antimicrob",1,0,0,1
"Int J Ther Massage Bodywork",1,0,0,1
"J Nutr Sci",1,1,0,0
"J Clin Ethics",1,0,0,1
"J Invasive Cardiol",1,0,0,1
"Appl Plant Sci",3,0,1,2
"Cell Host Microbe",1,0,0,1
"J Behav Addict",1,0,1,0
"Minerva Ginecol",1,0,1,0
"Bull Menninger Clin",1,0,0,1
"J Pers Disord",1,0,0,1
"Cardiovasc Pathol",1,0,0,1
"Iran J Cancer Prev",1,0,0,1
"Nurs Manag (Harrow)",5,1,0,4
"Worm",1,0,1,0
"Turk J Gastroenterol",1,1,0,0
"Nurs Older People",1,0,0,1
"Psychosom Med",1,1,0,0
"Minerva Stomatol",1,0,0,1
"Sante Publique",1,1,0,0
"Clin Lung Cancer",1,0,0,1
"Int J Pharm Compd",1,1,0,0
"Int J Sports Physiol Perform",1,0,1,0
"J Child Psychol Psychiatry",1,0,0,1
"Indian J Microbiol",1,0,0,1
"Shanghai Arch Psychiatry",1,0,0,1
"Vector Borne Zoonotic Dis",1,0,0,1
"Open Rheumatol J",1,0,0,1
"Ann Transl Med",1,0,0,1
"Chem Rec",1,0,0,1
"Int Rev Psychiatry",1,0,0,1
"Nat Chem Biol",1,0,1,0
"Cytoskeleton (Hoboken)",1,0,0,1
"Transpl Infect Dis",1,0,0,1
"J Ginseng Res",1,0,0,1
"Transl Oncol",1,0,1,0
"J Community Health",1,0,1,0
"J Multidiscip Healthc",1,0,0,1
"Acta Cytol",1,0,0,1
"Cell Regen (Lond)",1,0,1,0
"Curr Rheumatol Rev",1,0,0,1
"Mod Pathol",1,0,0,1
"Ann Nutr Metab",1,0,1,0
"Saudi J Anaesth",1,0,0,1
"GM Crops Food",1,0,0,1
"Clin Investig Arterioscler",1,0,0,1
"Mol Ther Nucleic Acids",2,0,2,0
"Anaerobe",1,0,0,1
"Adv Nutr",3,0,0,3
"Cerebrovasc Dis",1,0,0,1
"J Endod",1,0,1,0
"Hum Vaccin Immunother",1,0,0,1
"Zh Obshch Biol",1,0,0,1
"Int J Surg",1,0,0,1
"In Silico Pharmacol",1,0,1,0
"Tremor Other Hyperkinet Mov (N Y)",1,0,0,1
"J Addict Nurs",1,0,0,1
"Clinics (Sao Paulo)",1,0,0,1
"Ter Arkh",1,0,1,0
"J Basic Clin Pharm",1,0,0,1
"Transfus Med Hemother",1,0,1,0
"Prev Chronic Dis",2,0,0,2
"Ecol Evol",1,1,0,0
"Virology",1,0,0,1
"Genet Res (Camb)",2,0,1,1
"Clin Obes",1,0,0,1
"Sci Transl Med",1,0,0,1
"Swiss Dent J",1,0,0,1
"Cancer Genet",2,0,1,1
"Cancer Med",1,0,1,0
"J Integr Med",1,0,1,0
"IUCrJ",1,0,1,0
"Glob Chang Biol",1,0,1,0
"J Vasc Interv Radiol",1,0,0,1
"Int J Environ Res Public Health",1,0,0,1
"Nanotechnology",1,0,1,0
"Swiss Med Wkly",1,0,0,1
"Med Glas (Zenica)",1,0,0,1
"Cutis",1,0,0,1
"Female Pelvic Med Reconstr Surg",1,0,0,1
"Viruses",1,0,0,1
"Quant Imaging Med Surg",1,0,0,1
"Epigenetics Chromatin",1,0,0,1
"Jpn J Infect Dis",2,0,0,2
"Nat Commun",2,1,1,0
"Clin Nephrol",1,0,0,1
"Neuropsychologia",1,0,1,0
"JMIR Serious Games",1,0,0,1
"Pract Radiat Oncol",1,0,1,0
"J Clin Exp Hepatol",1,0,0,1
"Dermatol Online J",2,0,0,2
"Biofouling",1,1,0,0
"Electron Physician",1,1,0,0
"Colomb Med (Cali)",1,1,0,0
"Med Mycol",2,2,0,0
"Iran J Microbiol",1,0,0,1
"Biomed Mater Eng",1,0,0,1
"J Exerc Rehabil",1,0,1,0
"J Dent",1,0,0,1
"Ann Chir Plast Esthet",1,0,0,1
"Arthroscopy",1,0,0,1
"J Hosp Med",1,0,0,1
"Curr Oncol",1,0,0,1
"Front Aging Neurosci",1,0,1,0
"Clin Kidney J",1,0,0,1
"Genome Announc",1,0,0,1
"Neurosci Lett",1,0,1,0
"J Exp Zool B Mol Dev Evol",1,1,0,0
"Forensic Sci Med Pathol",1,0,1,0
"Mov Ecol",1,0,0,1
"Curr Opin Anaesthesiol",1,0,0,1
"Meta Gene",1,0,0,1
"Facts Views Vis Obgyn",1,0,1,0
"J Pers Med",1,0,0,1
"Front Neuroeng",1,0,1,0
"CNS Neurol Disord Drug Targets",1,0,0,1
"Ann Pharm Fr",1,0,1,0
"Drug Des Devel Ther",1,1,0,0
"Int J Telerehabil",1,0,0,1
"London J Prim Care (Abingdon)",2,0,0,2
"Paediatr Drugs",1,1,0,0
"Microb Ecol Health Dis",1,0,0,1
"BMJ Support Palliat Care",11,0,5,6
"Am Heart J",1,0,0,1
"Sci Data",1,1,0,0
"Int J Phytoremediation",1,1,0,0
"Curr Protoc Cell Biol",1,0,1,0
"Clin Transl Med",1,0,1,0
"Metabolites",1,0,1,0
"Stem Cell Reports",1,0,1,0
